{"type":"FeatureCollection","features":[{"type":"Feature","properties":{"code":"VNM","name":"Vietnam","name_en":"Vietnam"},"geometry":{"type":"MultiPolygon","coordinates":[[[[104.063965,10.39082],[104.083008,10.341113],[104.075781,10.224854],[104.036816,10.110742],[104.04834,10.061035],[104.018457,10.029199],[103.952148,10.24292],[103.867969,10.3354],[103.849512,10.371094],[103.898438,10.368506],[103.98584,10.426953],[104.027734,10.428369],[104.063965,10.39082]]],[[[107.972656,21.507959],[107.925781,21.498926],[107.809082,21.497119],[107.707227,21.405859],[107.636719,21.368066],[107.526953,21.33623],[107.409961,21.284814],[107.376172,21.194141],[107.37334,21.128467],[107.354297,21.055176],[107.164746,20.94873],[107.111719,20.95957],[107.075195,20.999268],[107.019238,20.991211],[106.981445,20.971387],[106.936426,20.974072],[106.88623,20.95],[106.820605,20.95752],[106.760254,20.991113],[106.725195,20.999902],[106.683398,21.000293],[106.675488,20.960498],[106.737305,20.806152],[106.753418,20.735059],[106.550781,20.526562],[106.572852,20.392187],[106.517969,20.288867],[106.395508,20.205908],[106.165723,19.992041],[106.062207,19.987354],[105.984082,19.939062],[105.813965,19.587451],[105.812109,19.466992],[105.785352,19.378857],[105.791113,19.294189],[105.716406,19.127783],[105.639063,19.057178],[105.621777,18.966309],[105.732031,18.779297],[105.744238,18.746289],[105.808203,18.64585],[105.839258,18.57417],[105.888281,18.50249],[106.065625,18.316357],[106.144531,18.259424],[106.239551,18.220703],[106.411914,18.053174],[106.499023,17.946436],[106.459375,17.873682],[106.478906,17.71958],[106.355859,17.765039],[106.370508,17.746875],[106.516797,17.662793],[106.735742,17.367188],[106.926172,17.221387],[107.119922,17.055518],[107.180371,16.897949],[107.355078,16.79375],[107.549316,16.642578],[107.54082,16.608643],[107.593457,16.568066],[107.724121,16.487842],[107.803125,16.403076],[107.833789,16.322461],[107.882031,16.309619],[107.936328,16.329395],[107.990723,16.337109],[108.029395,16.331104],[108.087988,16.242725],[108.169727,16.163672],[108.208984,16.091064],[108.24082,16.100781],[108.267383,16.089795],[108.274023,16.029053],[108.286035,15.989063],[108.395312,15.872461],[108.447461,15.762695],[108.577832,15.584717],[108.674219,15.483594],[108.742773,15.426611],[108.821289,15.37793],[108.898242,15.180518],[108.939941,15.001465],[109.022461,14.802832],[109.084863,14.716162],[109.087012,14.552588],[109.137305,14.384131],[109.191406,14.270459],[109.207324,14.154297],[109.223926,14.09668],[109.244629,14.053418],[109.30332,13.856445],[109.288086,13.765039],[109.24707,13.854736],[109.252051,13.590527],[109.288086,13.450781],[109.271875,13.279346],[109.30957,13.219189],[109.376758,13.025488],[109.423926,12.955957],[109.42002,12.719043],[109.444922,12.599609],[109.381445,12.670752],[109.335547,12.751904],[109.274023,12.709033],[109.218945,12.645801],[109.304688,12.391162],[109.206836,12.415381],[109.215723,12.0729],[109.25625,11.992871],[109.25918,11.954541],[109.247266,11.908691],[109.220215,11.958838],[109.214551,12.010449],[109.199121,11.999023],[109.199902,11.972461],[109.167285,11.912012],[109.15752,11.837109],[109.192676,11.773438],[109.198633,11.724854],[109.173242,11.664746],[109.13252,11.601074],[109.039648,11.592676],[109.018457,11.468359],[108.986719,11.336377],[108.820801,11.31543],[108.700293,11.199268],[108.55127,11.155957],[108.418555,11.040723],[108.27168,10.934277],[108.176172,10.920166],[108.094922,10.897266],[108.001367,10.720361],[107.845117,10.700098],[107.564453,10.555469],[107.470313,10.48584],[107.384473,10.458643],[107.261523,10.398389],[107.235059,10.419873],[107.194141,10.471582],[107.087793,10.49834],[107.035742,10.556299],[107.020703,10.630957],[107.006641,10.660547],[106.983691,10.618311],[106.966113,10.440723],[106.947461,10.400342],[106.902051,10.382812],[106.812695,10.433301],[106.727344,10.535645],[106.605859,10.464941],[106.643066,10.45625],[106.698438,10.462061],[106.741211,10.444385],[106.777539,10.376123],[106.77627,10.338965],[106.757422,10.295801],[106.643555,10.288916],[106.491699,10.304102],[106.464063,10.298291],[106.602441,10.231738],[106.729004,10.193311],[106.785254,10.151172],[106.785254,10.116455],[106.71416,10.060205],[106.65918,9.991406],[106.658105,9.94873],[106.656836,9.901074],[106.595605,9.859863],[106.557324,9.868066],[106.449121,9.939648],[106.136426,10.22168],[106.183594,10.14209],[106.507422,9.82124],[106.564355,9.715625],[106.572461,9.641113],[106.53916,9.603564],[106.484082,9.559424],[106.378027,9.556104],[106.204004,9.675439],[105.925684,9.961719],[105.830957,10.000732],[106.1125,9.673584],[106.158594,9.594141],[106.206152,9.502344],[106.192578,9.447803],[106.168359,9.396729],[105.500977,9.093213],[105.401367,8.962402],[105.322266,8.801123],[105.191211,8.711328],[105.114355,8.629199],[104.891895,8.583252],[104.77041,8.597656],[104.896289,8.746631],[104.818555,8.801855],[104.814648,9.185498],[104.845215,9.606152],[104.903223,9.81626],[104.987109,9.868652],[105.092578,9.900977],[105.094922,9.945264],[105.084473,9.995703],[105.027832,10.067432],[104.96582,10.100586],[104.873242,10.114795],[104.801953,10.202734],[104.747656,10.199121],[104.663477,10.169922],[104.612695,10.207666],[104.594043,10.266895],[104.516113,10.33999],[104.426367,10.41123],[104.466992,10.422363],[104.514063,10.46333],[104.564258,10.515967],[104.689648,10.523242],[104.81543,10.520801],[104.850586,10.534473],[104.90127,10.590234],[104.983887,10.661914],[105.046387,10.70166],[105.061133,10.733789],[105.036133,10.809375],[105.022266,10.886865],[105.045703,10.911377],[105.159473,10.897559],[105.284277,10.861475],[105.314648,10.845166],[105.386523,10.940088],[105.405762,10.951611],[105.452734,10.951416],[105.576563,10.968896],[105.697754,10.994043],[105.755078,10.98999],[105.810742,10.926074],[105.85332,10.863574],[105.875195,10.858496],[105.938184,10.885156],[105.990137,10.851807],[106.098828,10.797266],[106.163965,10.794922],[106.131543,10.921973],[106.167969,11.012305],[106.160937,11.037109],[106.099512,11.078662],[105.891602,11.244824],[105.856055,11.294287],[105.860938,11.372412],[105.854004,11.487061],[105.835352,11.559131],[105.838477,11.601318],[105.851465,11.63501],[105.889844,11.648389],[105.926562,11.65293],[105.95625,11.682471],[106.006055,11.758008],[106.10293,11.75127],[106.23916,11.70835],[106.339844,11.681836],[106.399219,11.687012],[106.4125,11.697803],[106.410742,11.738379],[106.417773,11.911719],[106.413867,11.948437],[106.499609,11.965527],[106.630957,11.969189],[106.700098,11.979297],[106.764648,12.052344],[106.930664,12.07749],[107.050684,12.175879],[107.158984,12.277051],[107.212109,12.304004],[107.279688,12.321582],[107.330078,12.319043],[107.393359,12.260498],[107.445996,12.295703],[107.506445,12.364551],[107.538086,12.431787],[107.555469,12.53999],[107.543555,12.705908],[107.511523,12.835742],[107.481543,12.933105],[107.475391,13.030371],[107.545508,13.225439],[107.605469,13.437793],[107.593945,13.52168],[107.528613,13.654199],[107.462305,13.815625],[107.389453,13.993018],[107.362109,14.019482],[107.342578,14.068896],[107.331445,14.126611],[107.360352,14.307861],[107.364453,14.368701],[107.448438,14.451221],[107.493164,14.545752],[107.535254,14.649951],[107.519434,14.705078],[107.51377,14.817383],[107.524512,14.871826],[107.504687,14.915918],[107.480371,14.979883],[107.496289,15.021436],[107.555273,15.057031],[107.589648,15.118457],[107.633691,15.189844],[107.653125,15.255225],[107.62168,15.309863],[107.564258,15.391602],[107.45957,15.46582],[107.33877,15.560498],[107.279395,15.618701],[107.232617,15.678076],[107.189551,15.747266],[107.165918,15.80249],[107.188867,15.838623],[107.360645,15.921729],[107.391992,15.95166],[107.410156,15.997852],[107.396387,16.043018],[107.350098,16.067383],[107.296484,16.084033],[107.217383,16.136328],[107.069727,16.279834],[107.001953,16.311816],[106.930664,16.353125],[106.892773,16.396533],[106.851074,16.515625],[106.832422,16.52627],[106.791602,16.490332],[106.739551,16.452539],[106.696094,16.458984],[106.656445,16.492627],[106.6375,16.537939],[106.593652,16.600098],[106.546191,16.650732],[106.533691,16.821045],[106.525977,16.876611],[106.502246,16.954102],[106.465332,16.981836],[106.425977,17.002539],[106.333398,17.143701],[106.269531,17.216797],[106.00625,17.415283],[105.973535,17.446973],[105.902734,17.528662],[105.779492,17.644434],[105.691406,17.737842],[105.627246,17.834424],[105.597656,17.918262],[105.588477,17.983691],[105.518555,18.077441],[105.458203,18.154297],[105.4,18.179248],[105.333496,18.189648],[105.273242,18.235352],[105.163281,18.338721],[105.114551,18.405273],[105.08584,18.450098],[105.087012,18.49624],[105.113477,18.573047],[105.14541,18.616797],[105.146484,18.650977],[105.115137,18.678857],[104.993164,18.72832],[104.716504,18.803418],[104.613281,18.860645],[104.517969,18.934082],[104.445801,18.983838],[104.108594,19.195557],[104.006348,19.230908],[103.918359,19.268506],[103.891602,19.30498],[103.896387,19.33999],[103.932031,19.366064],[104.027539,19.420459],[104.062891,19.482568],[104.051562,19.56416],[104.013477,19.646484],[104.032031,19.675146],[104.062793,19.678418],[104.127148,19.680859],[104.259863,19.685498],[104.546289,19.610547],[104.587891,19.61875],[104.743164,19.754736],[104.801758,19.836133],[104.815137,19.904004],[104.845801,19.947168],[104.92793,20.018115],[104.929199,20.082813],[104.888672,20.169092],[104.847852,20.202441],[104.812695,20.216846],[104.69873,20.205322],[104.676953,20.224707],[104.661914,20.289014],[104.656445,20.328516],[104.618848,20.374512],[104.496191,20.413672],[104.392188,20.424756],[104.367773,20.441406],[104.407813,20.485742],[104.478613,20.52959],[104.532715,20.554883],[104.575195,20.600244],[104.583203,20.64668],[104.530371,20.687988],[104.461426,20.73374],[104.349609,20.821094],[104.195312,20.913965],[104.101367,20.945508],[104.052051,20.941211],[103.882031,20.861426],[103.790527,20.809521],[103.714453,20.716943],[103.635059,20.69707],[103.554688,20.737842],[103.463574,20.779834],[103.210742,20.840625],[103.104492,20.89165],[102.883789,21.202588],[102.851172,21.265918],[102.872266,21.3375],[102.8875,21.439941],[102.90957,21.506348],[102.948633,21.569775],[102.95918,21.626221],[102.949609,21.681348],[102.917676,21.712939],[102.876172,21.722266],[102.845215,21.734766],[102.815918,21.807373],[102.798242,21.797949],[102.771094,21.709668],[102.738574,21.67793],[102.695312,21.662109],[102.662012,21.676025],[102.64082,21.711426],[102.63125,21.771338],[102.609668,21.851758],[102.58252,21.904297],[102.4875,21.957764],[102.442676,22.027148],[102.301367,22.178174],[102.183008,22.284033],[102.127441,22.379199],[102.175977,22.414648],[102.237012,22.466016],[102.302246,22.545996],[102.375781,22.646631],[102.406445,22.708008],[102.42793,22.732812],[102.470898,22.750928],[102.517188,22.741016],[102.598535,22.700391],[102.720996,22.648486],[102.830078,22.587158],[102.874219,22.525391],[102.935156,22.466162],[102.981934,22.448242],[103.005371,22.452979],[103.075879,22.49751],[103.136328,22.542236],[103.137598,22.592969],[103.193359,22.638525],[103.266309,22.713525],[103.300586,22.764404],[103.32666,22.769775],[103.356055,22.754688],[103.470996,22.597412],[103.492969,22.587988],[103.525391,22.611572],[103.570703,22.734424],[103.620215,22.782031],[103.637305,22.77002],[103.915039,22.538232],[103.941504,22.540088],[103.971387,22.550488],[103.99082,22.586133],[104.012695,22.666357],[104.053906,22.752295],[104.143066,22.800146],[104.2125,22.809424],[104.238281,22.768506],[104.29834,22.712012],[104.371777,22.704053],[104.526855,22.804102],[104.577539,22.82002],[104.631738,22.818213],[104.687305,22.822217],[104.740039,22.860498],[104.795703,22.911133],[104.814746,23.010791],[104.826563,23.100195],[104.864746,23.136377],[104.910156,23.160547],[104.995703,23.194336],[105.189063,23.281055],[105.23877,23.322119],[105.275391,23.345215],[105.350488,23.307666],[105.440137,23.235352],[105.494531,23.180859],[105.530859,23.121973],[105.548145,23.072656],[105.691211,23.029932],[105.782324,22.969336],[105.842969,22.922803],[105.902637,22.924951],[105.962305,22.937451],[106.000977,22.974756],[106.068457,22.975537],[106.148438,22.970068],[106.183984,22.955127],[106.249414,22.869434],[106.279004,22.857471],[106.338086,22.863477],[106.450879,22.893896],[106.541797,22.90835],[106.624023,22.874268],[106.780273,22.778906],[106.736328,22.710938],[106.701563,22.637744],[106.633105,22.586035],[106.582422,22.573242],[106.550391,22.501367],[106.536328,22.39541],[106.553613,22.341699],[106.593164,22.324512],[106.636523,22.288623],[106.654199,22.241455],[106.660059,22.136475],[106.657715,22.018213],[106.663574,21.978906],[106.697656,21.986182],[106.729492,22.000342],[106.794141,21.981982],[106.874512,21.95127],[106.925195,21.920117],[106.970996,21.923926],[107.006445,21.893408],[107.019824,21.834863],[107.061621,21.794189],[107.178516,21.71709],[107.27207,21.710645],[107.351172,21.608887],[107.433496,21.642285],[107.471387,21.59834],[107.641016,21.613916],[107.759277,21.655029],[107.802051,21.645166],[107.908398,21.5604],[107.972656,21.507959]]],[[[106.61748,8.682812],[106.589258,8.680518],[106.567969,8.700928],[106.658594,8.766357],[106.649512,8.722998],[106.652539,8.701123],[106.61748,8.682812]]],[[[107.167676,10.397168],[107.083789,10.336572],[107.07793,10.3875],[107.150879,10.420312],[107.176562,10.446191],[107.194922,10.445703],[107.167676,10.397168]]],[[[106.865625,20.815723],[106.854102,20.796387],[106.803125,20.84375],[106.769434,20.864209],[106.795313,20.92793],[106.855078,20.858252],[106.865625,20.815723]]],[[[107.602734,21.216797],[107.458691,21.09165],[107.403516,21.093652],[107.452539,21.235303],[107.47627,21.268945],[107.562695,21.22041],[107.602734,21.216797]]],[[[107.521289,20.926611],[107.465527,20.900537],[107.399219,20.903467],[107.478613,20.952344],[107.518945,21.012842],[107.55127,21.034033],[107.551074,20.981201],[107.521289,20.926611]]],[[[107.031348,20.747021],[106.990039,20.743066],[106.910645,20.824219],[106.953418,20.867041],[107.04375,20.836816],[107.064453,20.817285],[107.063965,20.799756],[107.042285,20.761035],[107.031348,20.747021]]]]}},{"type":"Feature","properties":{"code":"THA","name":"Thailand","name_en":"Thailand"},"geometry":{"type":"MultiPolygon","coordinates":[[[[102.606445,11.676514],[102.589941,11.572168],[102.532813,11.614941],[102.546484,11.667773],[102.568945,11.691699],[102.606445,11.676514]]],[[[102.426758,11.988721],[102.42998,11.964746],[102.378125,11.982959],[102.359961,11.974414],[102.301953,11.980811],[102.27334,12.119336],[102.277441,12.151855],[102.318848,12.14165],[102.378125,12.072852],[102.408398,12.025098],[102.426758,11.988721]]],[[[98.409082,7.902051],[98.398438,7.828418],[98.357422,7.829443],[98.315625,7.782324],[98.296289,7.776074],[98.262305,7.926074],[98.301367,8.13623],[98.32207,8.166309],[98.350977,8.110645],[98.434961,8.085645],[98.398828,7.964551],[98.409082,7.902051]]],[[[100.122461,20.31665],[100.114941,20.257666],[100.139746,20.24541],[100.174121,20.272754],[100.218066,20.3396],[100.266016,20.377295],[100.317969,20.385889],[100.373145,20.340381],[100.431543,20.240723],[100.491602,20.184082],[100.519531,20.17793],[100.539941,20.132373],[100.543066,20.088672],[100.514551,19.996338],[100.466211,19.888916],[100.397656,19.756104],[100.420117,19.644482],[100.513574,19.553467],[100.625488,19.499854],[100.743945,19.514746],[100.806836,19.541943],[100.858203,19.585059],[100.906055,19.605371],[100.966504,19.610791],[101.154688,19.579199],[101.211914,19.54834],[101.220801,19.486621],[101.197559,19.32793],[101.226562,19.211523],[101.279883,19.088916],[101.286328,18.977148],[101.220508,18.792773],[101.165527,18.618311],[101.106348,18.533545],[101.060449,18.479004],[101.046973,18.441992],[101.050586,18.407031],[101.092773,18.354541],[101.1375,18.286865],[101.14873,18.222168],[101.143945,18.142627],[101.113281,18.033545],[100.999023,17.797168],[100.908496,17.583887],[100.955859,17.541113],[101.045703,17.509961],[101.105176,17.479541],[101.16748,17.499023],[101.299707,17.625],[101.413672,17.71875],[101.555078,17.812354],[101.563672,17.820508],[101.6875,17.889404],[101.744141,17.952686],[101.774805,18.033398],[101.818652,18.064648],[101.875488,18.046436],[101.947461,18.081494],[102.03457,18.169824],[102.101465,18.210645],[102.148242,18.203857],[102.231641,18.148975],[102.351855,18.045947],[102.458789,17.984619],[102.552539,17.965088],[102.598242,17.926758],[102.596094,17.869629],[102.616797,17.83335],[102.660645,17.817969],[102.680078,17.824121],[102.675195,17.851758],[102.717578,17.892236],[102.807422,17.945557],[102.898633,17.976904],[102.991406,17.98623],[103.051367,18.028516],[103.091211,18.138232],[103.148535,18.221729],[103.199707,18.259473],[103.263184,18.278467],[103.27959,18.30498],[103.248926,18.338965],[103.251758,18.373486],[103.288281,18.408398],[103.366992,18.42334],[103.487988,18.418164],[103.629687,18.382568],[103.792285,18.316504],[103.898828,18.295313],[103.949609,18.318994],[104.04873,18.216699],[104.196191,17.988379],[104.322656,17.81582],[104.428125,17.698975],[104.539258,17.609277],[104.655859,17.546729],[104.739648,17.46167],[104.816016,17.300293],[104.758984,17.077148],[104.743555,16.884375],[104.750586,16.647559],[104.819336,16.466064],[104.949902,16.339941],[105.025781,16.237988],[105.047168,16.160254],[105.14873,16.093555],[105.330664,16.037891],[105.40625,15.987451],[105.375586,15.942188],[105.373242,15.889697],[105.398926,15.829883],[105.462012,15.78042],[105.562402,15.74126],[105.62207,15.699951],[105.641016,15.656543],[105.638867,15.585938],[105.615625,15.488281],[105.57373,15.413232],[105.513184,15.360889],[105.505859,15.319629],[105.49043,15.256592],[105.49043,15.127588],[105.533398,15.041602],[105.54668,14.932471],[105.523047,14.843311],[105.500195,14.66123],[105.497363,14.590674],[105.475586,14.530127],[105.422656,14.471631],[105.342188,14.416699],[105.243652,14.367871],[105.183301,14.34624],[105.169141,14.336084],[105.125977,14.280957],[105.074121,14.227441],[105.033691,14.227393],[105.003418,14.254443],[104.982422,14.289453],[104.969727,14.366113],[104.878809,14.404004],[104.779004,14.427832],[104.575781,14.390039],[104.411621,14.36958],[104.227734,14.395508],[104.054297,14.362744],[103.981836,14.35791],[103.898633,14.362793],[103.818359,14.362158],[103.741895,14.37417],[103.600391,14.421094],[103.546387,14.417432],[103.432422,14.378613],[103.313477,14.351318],[103.199414,14.332617],[103.031055,14.252539],[102.909277,14.136719],[102.873242,14.054883],[102.812793,13.972461],[102.728906,13.841895],[102.62041,13.716943],[102.544727,13.659961],[102.565527,13.626367],[102.546875,13.585693],[102.428516,13.567578],[102.336328,13.560303],[102.319727,13.53999],[102.330762,13.288232],[102.362988,13.192969],[102.422656,13.077979],[102.461719,13.015039],[102.490723,12.82832],[102.499609,12.669971],[102.629687,12.569922],[102.70332,12.493506],[102.755664,12.42627],[102.737402,12.383398],[102.70625,12.255664],[102.736621,12.089795],[102.918066,11.73208],[102.933887,11.706689],[102.912305,11.703857],[102.883691,11.772754],[102.791602,11.888623],[102.762988,12.012451],[102.654883,12.148828],[102.594141,12.203027],[102.574805,12.157812],[102.540234,12.109229],[102.434082,12.179248],[102.343164,12.252588],[102.259082,12.394336],[102.248438,12.361426],[102.22959,12.331641],[102.13418,12.443018],[102.034375,12.531885],[101.944531,12.563672],[101.889063,12.593262],[101.835742,12.640381],[101.723633,12.689355],[101.444922,12.618945],[101.090234,12.673633],[100.953711,12.62124],[100.897754,12.653809],[100.863281,12.714502],[100.896387,12.818164],[100.903906,13.034912],[100.946094,13.187256],[100.92627,13.303027],[100.946973,13.357568],[100.962695,13.431982],[100.906543,13.462402],[100.656055,13.521289],[100.60293,13.568164],[100.536426,13.514453],[100.235645,13.484473],[100.122363,13.439551],[100.01748,13.353174],[99.990527,13.243457],[100.051074,13.17124],[100.089941,13.045654],[99.982031,12.771484],[99.963965,12.690039],[100.005664,12.354736],[99.989062,12.170801],[99.930273,12.047461],[99.837109,11.936621],[99.79873,11.748779],[99.725488,11.661768],[99.627344,11.462891],[99.561328,11.215186],[99.514355,11.100586],[99.486914,10.889551],[99.284766,10.569141],[99.237305,10.388135],[99.165039,10.319824],[99.190332,10.265869],[99.194629,10.175439],[99.169336,9.93418],[99.160742,9.734033],[99.191309,9.627148],[99.288281,9.4146],[99.265039,9.352979],[99.253906,9.265234],[99.335449,9.225439],[99.393848,9.213721],[99.723828,9.314209],[99.835547,9.288379],[99.877539,9.194629],[99.904688,9.112891],[99.960645,8.67124],[99.989551,8.589209],[100.05625,8.511133],[100.129297,8.428076],[100.154102,8.442969],[100.158887,8.473779],[100.163477,8.508398],[100.228711,8.424707],[100.279395,8.268506],[100.453516,7.442285],[100.503711,7.337305],[100.545215,7.226904],[100.439355,7.280762],[100.410742,7.464307],[100.380371,7.541504],[100.342969,7.552881],[100.283789,7.551514],[100.27998,7.584326],[100.324316,7.644189],[100.317383,7.715967],[100.256641,7.774902],[100.158203,7.728125],[100.160742,7.599268],[100.204883,7.500537],[100.371387,7.280127],[100.423535,7.187842],[100.489746,7.161377],[100.58623,7.175977],[100.70166,7.081982],[100.792578,6.994678],[101.017871,6.860937],[101.154395,6.875146],[101.301953,6.908301],[101.400879,6.899561],[101.497949,6.865283],[101.614258,6.753955],[101.799219,6.474609],[102.101074,6.242236],[102.068359,6.184668],[102.055176,6.09668],[101.936133,5.979346],[101.917188,5.911377],[101.873633,5.825293],[101.790723,5.779346],[101.719531,5.770605],[101.678418,5.778809],[101.65,5.795996],[101.601367,5.877148],[101.576758,5.902002],[101.556055,5.907764],[101.404199,5.85166],[101.257031,5.789355],[101.229785,5.733691],[101.190625,5.66875],[101.147656,5.643066],[101.113965,5.636768],[101.081738,5.674902],[101.025195,5.724512],[100.981641,5.771045],[100.992773,5.846191],[101.075586,5.956494],[101.086523,6.033691],[101.075977,6.166064],[101.053516,6.242578],[101.029395,6.245312],[100.98877,6.257666],[100.873926,6.24541],[100.816504,6.331641],[100.79375,6.426172],[100.754492,6.460059],[100.715625,6.480664],[100.629492,6.447998],[100.563867,6.467529],[100.34541,6.549902],[100.261426,6.682715],[100.216602,6.686621],[100.176758,6.671826],[100.16123,6.641602],[100.137988,6.488672],[100.119141,6.441992],[99.868652,6.749902],[99.695996,6.87666],[99.720313,7.106201],[99.667773,7.150879],[99.602441,7.155322],[99.553027,7.218799],[99.596973,7.355615],[99.529102,7.329492],[99.435156,7.334375],[99.358594,7.372217],[99.300391,7.561328],[99.263672,7.619043],[99.183398,7.718066],[99.077637,7.718066],[99.042676,7.765625],[99.051074,7.887842],[98.973926,7.962793],[98.872461,8.023926],[98.788672,8.059814],[98.703516,8.256738],[98.636328,8.305029],[98.579199,8.344287],[98.499805,8.317822],[98.474023,8.246924],[98.420996,8.178223],[98.360742,8.186963],[98.305469,8.226221],[98.238184,8.423096],[98.226953,8.543652],[98.241797,8.767871],[98.325977,8.968945],[98.371387,9.290527],[98.443164,9.492822],[98.492969,9.561426],[98.561914,9.8375],[98.702539,10.190381],[98.718457,10.266016],[98.746875,10.35083],[98.768359,10.430859],[98.775391,10.557031],[98.757227,10.623584],[98.757227,10.660937],[98.786914,10.708447],[98.887109,10.78833],[99.025391,10.919971],[99.190137,11.105273],[99.358789,11.389453],[99.442676,11.554395],[99.47793,11.6125],[99.515234,11.630664],[99.572852,11.687158],[99.6125,11.749658],[99.614746,11.781201],[99.522949,12.089648],[99.462891,12.190234],[99.432422,12.309033],[99.416309,12.394824],[99.394238,12.473633],[99.405078,12.5479],[99.371973,12.594238],[99.297363,12.652881],[99.219824,12.739746],[99.173535,12.881934],[99.173535,12.961328],[99.123926,13.030762],[99.107422,13.103516],[99.137109,13.172998],[99.176172,13.233057],[99.17168,13.496924],[99.156055,13.575781],[99.136816,13.716699],[99.08623,13.822754],[99.014648,13.947168],[98.933594,14.049854],[98.721191,14.235742],[98.57002,14.359912],[98.49502,14.4729],[98.400195,14.602979],[98.332129,14.696484],[98.245996,14.814746],[98.202148,14.975928],[98.17793,15.147412],[98.191016,15.204102],[98.232227,15.241357],[98.286133,15.271582],[98.329395,15.278564],[98.452148,15.357373],[98.537305,15.350684],[98.556934,15.367676],[98.565234,15.403564],[98.554492,15.559766],[98.558203,15.768604],[98.574023,15.938623],[98.592383,16.050684],[98.817969,16.180811],[98.865527,16.237061],[98.888477,16.298096],[98.888281,16.351904],[98.869336,16.394189],[98.835449,16.417578],[98.689258,16.30542],[98.660742,16.33042],[98.593652,16.514795],[98.564746,16.570947],[98.523145,16.638184],[98.478125,16.732227],[98.471191,16.89502],[98.438867,16.975684],[98.256543,17.147656],[98.174609,17.239893],[98.063086,17.373291],[97.929297,17.533301],[97.792969,17.68125],[97.729102,17.77583],[97.706445,17.797119],[97.698535,17.833545],[97.739941,17.935303],[97.719727,18.037402],[97.651563,18.17373],[97.622461,18.258008],[97.632227,18.290332],[97.599316,18.302979],[97.523828,18.295898],[97.450781,18.359668],[97.380664,18.494287],[97.373926,18.517969],[97.39707,18.517529],[97.484961,18.494238],[97.515137,18.497754],[97.577344,18.528711],[97.671582,18.56123],[97.727734,18.572021],[97.745898,18.588184],[97.754004,18.620801],[97.706055,18.931787],[97.71416,18.996484],[97.803906,19.130469],[97.793555,19.265869],[97.816797,19.459961],[97.916406,19.592871],[97.991211,19.653711],[98.015039,19.749512],[98.049023,19.769727],[98.111035,19.762158],[98.239062,19.690674],[98.293652,19.687256],[98.371289,19.68916],[98.45498,19.694434],[98.493848,19.701318],[98.760645,19.771094],[98.819531,19.778467],[98.875781,19.76958],[98.916699,19.7729],[98.958008,19.804932],[98.987402,19.861377],[99.020703,20.041797],[99.039746,20.073633],[99.074219,20.099365],[99.130762,20.116602],[99.196875,20.115137],[99.283691,20.08042],[99.337891,20.078906],[99.399219,20.093457],[99.451563,20.118311],[99.485938,20.149854],[99.50166,20.187744],[99.4875,20.260645],[99.447949,20.352051],[99.458887,20.363037],[99.531641,20.342822],[99.638672,20.320459],[99.720117,20.325439],[99.77334,20.341309],[99.825195,20.384473],[99.890332,20.424414],[99.954297,20.41543],[100.003613,20.37959],[100.122461,20.31665]]],[[[100.074121,9.69668],[100.064453,9.67998],[100.025684,9.711719],[99.998047,9.747607],[99.983398,9.793555],[100.043457,9.79165],[100.073047,9.749121],[100.074121,9.69668]]],[[[100.070703,9.586035],[100.075293,9.529443],[100.053711,9.461426],[99.962402,9.421631],[99.93125,9.476074],[99.939551,9.559961],[99.953613,9.581006],[100.042969,9.576855],[100.070703,9.586035]]],[[[99.663086,6.521924],[99.644043,6.516113],[99.606641,6.596826],[99.654004,6.714111],[99.701367,6.570557],[99.663086,6.521924]]],[[[98.591992,7.933936],[98.57998,7.917041],[98.529395,8.108545],[98.604297,8.057324],[98.591992,7.933936]]],[[[98.30752,9.051465],[98.250781,9.04082],[98.258398,9.09541],[98.273633,9.129883],[98.301172,9.139111],[98.3125,9.080371],[98.30752,9.051465]]],[[[99.078418,7.591846],[99.104395,7.471289],[99.067871,7.495898],[99.037695,7.548486],[99.038086,7.625732],[99.045117,7.636523],[99.078418,7.591846]]]]}},{"type":"Feature","properties":{"code":"MYS","name":"Malaysia","name_en":"Malaysia"},"geometry":{"type":"MultiPolygon","coordinates":[[[[100.119141,6.441992],[100.137988,6.488672],[100.16123,6.641602],[100.176758,6.671826],[100.216602,6.686621],[100.261426,6.682715],[100.34541,6.549902],[100.563867,6.467529],[100.629492,6.447998],[100.715625,6.480664],[100.754492,6.460059],[100.79375,6.426172],[100.816504,6.331641],[100.873926,6.24541],[100.98877,6.257666],[101.029395,6.245312],[101.053516,6.242578],[101.075977,6.166064],[101.086523,6.033691],[101.075586,5.956494],[100.992773,5.846191],[100.981641,5.771045],[101.025195,5.724512],[101.081738,5.674902],[101.113965,5.636768],[101.147656,5.643066],[101.190625,5.66875],[101.229785,5.733691],[101.257031,5.789355],[101.404199,5.85166],[101.556055,5.907764],[101.576758,5.902002],[101.601367,5.877148],[101.65,5.795996],[101.678418,5.778809],[101.719531,5.770605],[101.790723,5.779346],[101.873633,5.825293],[101.917188,5.911377],[101.936133,5.979346],[102.055176,6.09668],[102.068359,6.184668],[102.101074,6.242236],[102.274023,6.203418],[102.340137,6.172021],[102.534375,5.862549],[102.790234,5.644922],[102.898535,5.56377],[102.982422,5.524951],[103.09707,5.408447],[103.196973,5.262158],[103.41582,4.850293],[103.453906,4.669482],[103.46875,4.393262],[103.420508,3.976855],[103.362012,3.769141],[103.37334,3.671094],[103.453516,3.520605],[103.429492,3.378564],[103.44502,3.260596],[103.439453,2.933105],[103.485156,2.836572],[103.537305,2.774756],[103.812207,2.580469],[103.832324,2.508496],[103.967773,2.26123],[104.218555,1.722852],[104.288477,1.480664],[104.280371,1.415576],[104.250098,1.388574],[104.176367,1.364893],[104.114941,1.412256],[104.094238,1.446191],[104.100586,1.48833],[104.076172,1.529785],[104.016016,1.579297],[103.981445,1.623633],[103.991211,1.550049],[103.991504,1.454785],[103.915137,1.44668],[103.816797,1.476562],[103.694531,1.449658],[103.549805,1.332812],[103.480273,1.329492],[103.427344,1.429834],[103.4,1.497852],[103.356836,1.546143],[102.896875,1.792334],[102.727148,1.855566],[102.548242,2.042383],[102.145605,2.248486],[101.889941,2.449414],[101.78125,2.573584],[101.519727,2.683643],[101.406836,2.813477],[101.351367,2.838965],[101.295508,2.885205],[101.354297,3.011133],[101.330176,3.14248],[101.299902,3.253271],[101.11543,3.472021],[101.024805,3.624707],[100.85127,3.776709],[100.781836,3.864453],[100.71543,3.966211],[100.757031,4.001807],[100.795508,4.023389],[100.760254,4.097217],[100.661035,4.225732],[100.614551,4.373437],[100.614551,4.652246],[100.473437,5.044287],[100.352637,5.587695],[100.374023,5.777979],[100.343262,5.98418],[100.263281,6.18252],[100.158398,6.324219],[100.119141,6.441992]]],[[[117.574414,4.170605],[117.537305,4.171387],[117.450879,4.192871],[117.277539,4.299316],[117.100586,4.337061],[116.843555,4.340137],[116.697852,4.35498],[116.638672,4.339111],[116.589063,4.338428],[116.553125,4.359863],[116.514746,4.370801],[116.414551,4.308203],[116.367676,4.327344],[116.320312,4.353711],[116.23623,4.362549],[116.134473,4.355176],[116.021582,4.290674],[115.896191,4.348682],[115.860742,4.348047],[115.836816,4.333301],[115.782422,4.25376],[115.678809,4.193018],[115.627539,4.081982],[115.596094,3.975537],[115.568457,3.93877],[115.560938,3.733057],[115.544531,3.633691],[115.570703,3.502295],[115.566113,3.445752],[115.519922,3.36167],[115.514258,3.342383],[115.489746,3.208643],[115.499121,3.173145],[115.493164,3.128125],[115.454395,3.034326],[115.38418,3.00874],[115.310156,2.993945],[115.246973,3.025928],[115.189941,2.974463],[115.117578,2.894873],[115.086328,2.841113],[115.086523,2.791211],[115.093652,2.757812],[115.078906,2.723437],[115.077051,2.687012],[115.080762,2.634229],[115.129883,2.612402],[115.180859,2.566895],[115.179102,2.523193],[115.150781,2.49292],[115.086523,2.446143],[114.969141,2.35083],[114.836328,2.269385],[114.786426,2.250488],[114.768359,2.212939],[114.758691,2.162402],[114.787988,2.051611],[114.81582,2.018945],[114.830566,1.980029],[114.812695,1.933789],[114.8,1.893945],[114.751074,1.868994],[114.703516,1.850781],[114.686133,1.819043],[114.660937,1.686279],[114.632227,1.617041],[114.56748,1.51416],[114.545898,1.467139],[114.5125,1.452002],[114.387109,1.500049],[114.274707,1.470898],[114.125977,1.452344],[114,1.455273],[113.902344,1.434277],[113.835254,1.379883],[113.760352,1.311377],[113.681641,1.260596],[113.622266,1.235937],[113.513184,1.308398],[113.458203,1.302148],[113.358984,1.327148],[113.12627,1.408105],[113.068652,1.431787],[113.006543,1.433887],[112.988281,1.457129],[112.998047,1.49624],[112.988281,1.547559],[112.942969,1.566992],[112.476172,1.559082],[112.341602,1.514746],[112.250684,1.479639],[112.185742,1.439062],[112.167383,1.338184],[112.128613,1.243604],[112.078516,1.143359],[111.923145,1.113281],[111.808984,1.01167],[111.769727,0.999463],[111.691309,1.014209],[111.607422,1.022607],[111.54668,0.994336],[111.483203,0.995752],[111.286719,1.043213],[111.101367,1.050537],[110.996094,1.026367],[110.938086,1.017334],[110.614746,0.878125],[110.505762,0.861963],[110.461426,0.88208],[110.399023,0.939062],[110.315234,0.995996],[110.114746,1.190137],[110.04082,1.235742],[109.991699,1.282568],[109.944922,1.338037],[109.878516,1.397852],[109.818066,1.438965],[109.735742,1.522949],[109.654004,1.614893],[109.63584,1.77666],[109.570801,1.806299],[109.548926,1.84834],[109.538965,1.896191],[109.628906,2.027539],[109.694336,1.88877],[109.719629,1.857812],[109.864844,1.764453],[109.98457,1.717627],[110.114062,1.698584],[110.245898,1.694727],[110.29834,1.701172],[110.349219,1.719727],[110.399512,1.699854],[110.675195,1.548047],[110.782031,1.52085],[110.894922,1.532471],[110.939941,1.517334],[111.098437,1.400879],[111.145215,1.386963],[111.223242,1.39585],[111.123438,1.449023],[111.058008,1.48667],[111.028711,1.557812],[111.046582,1.633643],[111.110156,1.684082],[111.154199,1.73877],[111.17002,1.902295],[111.198047,1.985107],[111.250879,2.063867],[111.268164,2.139746],[111.208887,2.197656],[111.195508,2.297168],[111.208594,2.379639],[111.242188,2.435742],[111.295898,2.398779],[111.351367,2.364453],[111.406152,2.367871],[111.443848,2.381543],[111.450781,2.424072],[111.44043,2.498096],[111.443262,2.634326],[111.5125,2.743018],[111.623242,2.817969],[111.727734,2.853809],[112.118848,2.914697],[112.737305,3.070459],[112.920508,3.130713],[112.987891,3.161914],[113.044727,3.205225],[113.140234,3.343506],[113.320117,3.561475],[113.446094,3.740576],[113.712109,4.001416],[113.923926,4.243213],[113.952539,4.288721],[113.987793,4.420703],[113.99043,4.482812],[113.984277,4.545801],[114.0125,4.575244],[114.053613,4.592871],[114.063867,4.592676],[114.095117,4.565234],[114.168848,4.526953],[114.224121,4.477881],[114.261035,4.414258],[114.287598,4.354736],[114.289648,4.304199],[114.322949,4.262793],[114.416602,4.255859],[114.44707,4.203564],[114.512207,4.113574],[114.571777,4.049072],[114.608301,4.023975],[114.654102,4.037646],[114.725,4.096533],[114.776172,4.168799],[114.810449,4.266504],[114.783496,4.280762],[114.831055,4.354492],[114.840234,4.393213],[114.818262,4.42876],[114.790137,4.463916],[114.779297,4.553027],[114.759961,4.666504],[114.74668,4.718066],[114.78418,4.754834],[114.864551,4.801758],[114.944727,4.85625],[115.026758,4.899707],[115.028809,4.821143],[115.026758,4.691357],[115.051562,4.582666],[115.107031,4.39043],[115.170605,4.364209],[115.24668,4.347217],[115.290625,4.352588],[115.319238,4.365283],[115.326758,4.380762],[115.279297,4.456348],[115.266699,4.633984],[115.22793,4.750586],[115.168457,4.866699],[115.140039,4.899756],[115.374902,4.932764],[115.427637,4.969189],[115.519824,5.048926],[115.554492,5.093555],[115.582031,5.194141],[115.466895,5.254102],[115.42168,5.330518],[115.419043,5.413184],[115.556445,5.566699],[115.603906,5.603418],[115.624512,5.548877],[115.685059,5.535107],[115.74082,5.533008],[115.796875,5.536133],[115.877148,5.613525],[115.918457,5.724951],[116.059766,5.882373],[116.110059,6.003271],[116.138379,6.129541],[116.494727,6.52168],[116.538281,6.582715],[116.749805,6.9771],[116.776172,6.990234],[116.833008,6.952051],[116.849805,6.826709],[116.841992,6.77207],[116.807715,6.691064],[116.788086,6.606104],[116.812402,6.60791],[116.913281,6.659668],[117.018555,6.797363],[117.07793,6.916846],[117.128516,6.968896],[117.229883,6.93999],[117.252441,6.919238],[117.245313,6.833398],[117.25498,6.783447],[117.294043,6.676904],[117.380371,6.612256],[117.499219,6.571484],[117.609668,6.512646],[117.645703,6.473682],[117.669629,6.426758],[117.69375,6.35],[117.695605,6.272314],[117.615918,6.196533],[117.649805,6.073584],[117.644531,6.001855],[117.617188,5.940723],[117.501172,5.884668],[117.817676,5.94043],[117.895801,5.972266],[118.003809,6.05332],[118.061719,5.983447],[118.11582,5.8625],[118.072266,5.83208],[117.934766,5.7875],[117.928027,5.769189],[117.973633,5.70625],[118.031152,5.712109],[118.144629,5.754199],[118.249121,5.820557],[118.299805,5.819727],[118.353125,5.806055],[118.456348,5.763428],[118.51416,5.728906],[118.563086,5.684521],[118.594824,5.59209],[118.713672,5.558545],[118.957324,5.429004],[119.002539,5.417822],[119.05,5.415234],[119.178418,5.430908],[119.223437,5.412646],[119.255566,5.365918],[119.266309,5.308105],[119.262793,5.245898],[119.249707,5.19873],[119.219629,5.159814],[119.132227,5.100488],[118.9125,5.0229],[118.67207,4.964062],[118.551367,4.968115],[118.381836,5.018506],[118.32002,5.012012],[118.260547,4.988867],[118.185352,4.828516],[118.324219,4.668701],[118.5625,4.502148],[118.595117,4.460645],[118.586328,4.409668],[118.54834,4.379248],[118.498047,4.362354],[118.364062,4.335742],[118.228711,4.316016],[118.117285,4.287598],[118.008203,4.250244],[117.895605,4.262939],[117.741016,4.337549],[117.696484,4.342822],[117.649805,4.304492],[117.603809,4.2],[117.574414,4.170605]]],[[[104.221582,2.731738],[104.17334,2.721338],[104.146875,2.728223],[104.129102,2.767236],[104.169824,2.856836],[104.184766,2.871729],[104.223242,2.774219],[104.221582,2.731738]]],[[[100.288965,5.294727],[100.26377,5.266992],[100.191016,5.282861],[100.203906,5.446875],[100.245508,5.467773],[100.310156,5.437939],[100.338867,5.410059],[100.288965,5.294727]]],[[[99.848047,6.465723],[99.918652,6.358594],[99.883398,6.31084],[99.86582,6.29707],[99.823242,6.312744],[99.782617,6.271582],[99.74375,6.263281],[99.704688,6.337549],[99.656641,6.367139],[99.646289,6.418359],[99.710547,6.427344],[99.749219,6.409619],[99.82168,6.44502],[99.848047,6.465723]]],[[[117.141602,7.168213],[117.080664,7.115283],[117.060156,7.178857],[117.064258,7.260693],[117.146875,7.337012],[117.264063,7.35166],[117.280762,7.290625],[117.266797,7.220801],[117.239355,7.184766],[117.141602,7.168213]]],[[[101.318555,2.988477],[101.268066,2.97041],[101.26543,2.996484],[101.274219,3.032812],[101.31123,3.067383],[101.328418,3.047607],[101.318555,2.988477]]],[[[111.389258,2.415332],[111.358691,2.402197],[111.311523,2.437598],[111.300391,2.741162],[111.333496,2.768311],[111.355078,2.764453],[111.37832,2.709326],[111.37627,2.576318],[111.380469,2.458936],[111.389258,2.415332]]],[[[117.884766,4.186133],[117.74541,4.166943],[117.649023,4.168994],[117.666797,4.204004],[117.662109,4.250195],[117.708008,4.262402],[117.761426,4.252344],[117.884766,4.186133]]]]}},{"type":"Feature","properties":{"code":"LAO","name":"Laos","name_en":"Laos"},"geometry":{"type":"Polygon","coordinates":[[[102.127441,22.379199],[102.183008,22.284033],[102.301367,22.178174],[102.442676,22.027148],[102.4875,21.957764],[102.58252,21.904297],[102.609668,21.851758],[102.63125,21.771338],[102.64082,21.711426],[102.662012,21.676025],[102.695312,21.662109],[102.738574,21.67793],[102.771094,21.709668],[102.798242,21.797949],[102.815918,21.807373],[102.845215,21.734766],[102.876172,21.722266],[102.917676,21.712939],[102.949609,21.681348],[102.95918,21.626221],[102.948633,21.569775],[102.90957,21.506348],[102.8875,21.439941],[102.872266,21.3375],[102.851172,21.265918],[102.883789,21.202588],[103.104492,20.89165],[103.210742,20.840625],[103.463574,20.779834],[103.554688,20.737842],[103.635059,20.69707],[103.714453,20.716943],[103.790527,20.809521],[103.882031,20.861426],[104.052051,20.941211],[104.101367,20.945508],[104.195312,20.913965],[104.349609,20.821094],[104.461426,20.73374],[104.530371,20.687988],[104.583203,20.64668],[104.575195,20.600244],[104.532715,20.554883],[104.478613,20.52959],[104.407813,20.485742],[104.367773,20.441406],[104.392188,20.424756],[104.496191,20.413672],[104.618848,20.374512],[104.656445,20.328516],[104.661914,20.289014],[104.676953,20.224707],[104.69873,20.205322],[104.812695,20.216846],[104.847852,20.202441],[104.888672,20.169092],[104.929199,20.082813],[104.92793,20.018115],[104.845801,19.947168],[104.815137,19.904004],[104.801758,19.836133],[104.743164,19.754736],[104.587891,19.61875],[104.546289,19.610547],[104.259863,19.685498],[104.127148,19.680859],[104.062793,19.678418],[104.032031,19.675146],[104.013477,19.646484],[104.051562,19.56416],[104.062891,19.482568],[104.027539,19.420459],[103.932031,19.366064],[103.896387,19.33999],[103.891602,19.30498],[103.918359,19.268506],[104.006348,19.230908],[104.108594,19.195557],[104.445801,18.983838],[104.517969,18.934082],[104.613281,18.860645],[104.716504,18.803418],[104.993164,18.72832],[105.115137,18.678857],[105.146484,18.650977],[105.14541,18.616797],[105.113477,18.573047],[105.087012,18.49624],[105.08584,18.450098],[105.114551,18.405273],[105.163281,18.338721],[105.273242,18.235352],[105.333496,18.189648],[105.4,18.179248],[105.458203,18.154297],[105.518555,18.077441],[105.588477,17.983691],[105.597656,17.918262],[105.627246,17.834424],[105.691406,17.737842],[105.779492,17.644434],[105.902734,17.528662],[105.973535,17.446973],[106.00625,17.415283],[106.269531,17.216797],[106.333398,17.143701],[106.425977,17.002539],[106.465332,16.981836],[106.502246,16.954102],[106.525977,16.876611],[106.533691,16.821045],[106.546191,16.650732],[106.593652,16.600098],[106.6375,16.537939],[106.656445,16.492627],[106.696094,16.458984],[106.739551,16.452539],[106.791602,16.490332],[106.832422,16.52627],[106.851074,16.515625],[106.892773,16.396533],[106.930664,16.353125],[107.001953,16.311816],[107.069727,16.279834],[107.217383,16.136328],[107.296484,16.084033],[107.350098,16.067383],[107.396387,16.043018],[107.410156,15.997852],[107.391992,15.95166],[107.360645,15.921729],[107.188867,15.838623],[107.165918,15.80249],[107.189551,15.747266],[107.232617,15.678076],[107.279395,15.618701],[107.33877,15.560498],[107.45957,15.46582],[107.564258,15.391602],[107.62168,15.309863],[107.653125,15.255225],[107.633691,15.189844],[107.589648,15.118457],[107.555273,15.057031],[107.496289,15.021436],[107.480371,14.979883],[107.504687,14.915918],[107.524512,14.871826],[107.51377,14.817383],[107.519434,14.705078],[107.465137,14.66499],[107.414746,14.562891],[107.379883,14.555322],[107.292676,14.592383],[107.262305,14.572119],[107.206641,14.4979],[107.109375,14.416699],[107.062402,14.415771],[107.030176,14.425684],[106.992187,14.391016],[106.938086,14.327344],[106.913184,14.329395],[106.819922,14.314697],[106.783496,14.335107],[106.738184,14.387744],[106.66543,14.441309],[106.599219,14.479395],[106.563672,14.505078],[106.531152,14.549414],[106.501465,14.578223],[106.446973,14.515039],[106.35498,14.454785],[106.267969,14.466211],[106.225391,14.476221],[106.190723,14.388135],[106.165234,14.372363],[106.008398,14.357178],[105.978906,14.343018],[106.004102,14.262891],[106.09668,14.1271],[106.124707,14.049121],[106.066797,13.921191],[105.904492,13.924512],[105.831445,13.976611],[105.764063,14.049072],[105.739746,14.084961],[105.531543,14.156152],[105.392676,14.10708],[105.350195,14.10957],[105.284863,14.161475],[105.245703,14.200537],[105.207031,14.259375],[105.185547,14.319092],[105.183301,14.34624],[105.243652,14.367871],[105.342188,14.416699],[105.422656,14.471631],[105.475586,14.530127],[105.497363,14.590674],[105.500195,14.66123],[105.523047,14.843311],[105.54668,14.932471],[105.533398,15.041602],[105.49043,15.127588],[105.49043,15.256592],[105.505859,15.319629],[105.513184,15.360889],[105.57373,15.413232],[105.615625,15.488281],[105.638867,15.585938],[105.641016,15.656543],[105.62207,15.699951],[105.562402,15.74126],[105.462012,15.78042],[105.398926,15.829883],[105.373242,15.889697],[105.375586,15.942188],[105.40625,15.987451],[105.330664,16.037891],[105.14873,16.093555],[105.047168,16.160254],[105.025781,16.237988],[104.949902,16.339941],[104.819336,16.466064],[104.750586,16.647559],[104.743555,16.884375],[104.758984,17.077148],[104.816016,17.300293],[104.739648,17.46167],[104.655859,17.546729],[104.539258,17.609277],[104.428125,17.698975],[104.322656,17.81582],[104.196191,17.988379],[104.04873,18.216699],[103.949609,18.318994],[103.898828,18.295313],[103.792285,18.316504],[103.629687,18.382568],[103.487988,18.418164],[103.366992,18.42334],[103.288281,18.408398],[103.251758,18.373486],[103.248926,18.338965],[103.27959,18.30498],[103.263184,18.278467],[103.199707,18.259473],[103.148535,18.221729],[103.091211,18.138232],[103.051367,18.028516],[102.991406,17.98623],[102.898633,17.976904],[102.807422,17.945557],[102.717578,17.892236],[102.675195,17.851758],[102.680078,17.824121],[102.660645,17.817969],[102.616797,17.83335],[102.596094,17.869629],[102.598242,17.926758],[102.552539,17.965088],[102.458789,17.984619],[102.351855,18.045947],[102.231641,18.148975],[102.148242,18.203857],[102.101465,18.210645],[102.03457,18.169824],[101.947461,18.081494],[101.875488,18.046436],[101.818652,18.064648],[101.774805,18.033398],[101.744141,17.952686],[101.6875,17.889404],[101.563672,17.820508],[101.555078,17.812354],[101.413672,17.71875],[101.299707,17.625],[101.16748,17.499023],[101.105176,17.479541],[101.045703,17.509961],[100.955859,17.541113],[100.908496,17.583887],[100.999023,17.797168],[101.113281,18.033545],[101.143945,18.142627],[101.14873,18.222168],[101.1375,18.286865],[101.092773,18.354541],[101.050586,18.407031],[101.046973,18.441992],[101.060449,18.479004],[101.106348,18.533545],[101.165527,18.618311],[101.220508,18.792773],[101.286328,18.977148],[101.279883,19.088916],[101.226562,19.211523],[101.197559,19.32793],[101.220801,19.486621],[101.211914,19.54834],[101.154688,19.579199],[100.966504,19.610791],[100.906055,19.605371],[100.858203,19.585059],[100.806836,19.541943],[100.743945,19.514746],[100.625488,19.499854],[100.513574,19.553467],[100.420117,19.644482],[100.397656,19.756104],[100.466211,19.888916],[100.514551,19.996338],[100.543066,20.088672],[100.539941,20.132373],[100.519531,20.17793],[100.491602,20.184082],[100.431543,20.240723],[100.373145,20.340381],[100.317969,20.385889],[100.266016,20.377295],[100.218066,20.3396],[100.174121,20.272754],[100.139746,20.24541],[100.114941,20.257666],[100.122461,20.31665],[100.129687,20.372217],[100.183887,20.589111],[100.249316,20.730273],[100.326074,20.795703],[100.407422,20.823242],[100.493359,20.812988],[100.565137,20.825098],[100.622949,20.85957],[100.617676,20.879248],[100.549316,20.884229],[100.522266,20.921924],[100.536133,20.992383],[100.566602,21.038184],[100.613672,21.059326],[100.65918,21.130371],[100.703125,21.251367],[100.756641,21.312646],[100.819531,21.314209],[100.927539,21.366211],[101.080371,21.468652],[101.138867,21.56748],[101.19668,21.52207],[101.175391,21.40752],[101.205566,21.383301],[101.219922,21.342432],[101.211816,21.278223],[101.224414,21.22373],[101.247852,21.197314],[101.281445,21.184131],[101.443555,21.230811],[101.542383,21.234277],[101.583887,21.203564],[101.62168,21.184424],[101.668555,21.169629],[101.704785,21.150146],[101.728125,21.156396],[101.783496,21.20415],[101.800586,21.212598],[101.802051,21.235986],[101.763086,21.278906],[101.722949,21.314941],[101.724219,21.39502],[101.743457,21.533838],[101.747266,21.605762],[101.743945,21.777979],[101.736523,21.826514],[101.699609,21.882471],[101.60293,21.989697],[101.575781,22.055273],[101.560254,22.120898],[101.561816,22.162402],[101.537305,22.209863],[101.524512,22.253662],[101.567871,22.276367],[101.619922,22.327441],[101.646191,22.40542],[101.671484,22.462305],[101.70752,22.486572],[101.73877,22.495264],[101.759961,22.490332],[101.841797,22.388477],[101.94541,22.439404],[102.024414,22.439209],[102.091504,22.412256],[102.127441,22.379199]]]}},{"type":"Feature","properties":{"code":"IND","name":"India","name_en":"India"},"geometry":{"type":"MultiPolygon","coordinates":[[[[68.165039,23.857324],[68.23418,23.900537],[68.28252,23.927979],[68.38125,23.950879],[68.488672,23.967236],[68.586621,23.966602],[68.724121,23.964697],[68.728125,24.265625],[68.739648,24.291992],[68.758984,24.307227],[68.781152,24.313721],[68.8,24.309082],[68.82832,24.264014],[68.863477,24.266504],[68.900781,24.292432],[68.98457,24.273096],[69.051563,24.286328],[69.119531,24.268652],[69.235059,24.268262],[69.443457,24.275391],[69.55918,24.273096],[69.63418,24.225195],[69.716211,24.172607],[69.805176,24.165234],[69.933789,24.171387],[70.021094,24.191553],[70.065137,24.240576],[70.098242,24.2875],[70.289062,24.356299],[70.489258,24.412158],[70.546777,24.418311],[70.565039,24.385791],[70.555859,24.331104],[70.579297,24.279053],[70.659473,24.246094],[70.716309,24.237988],[70.767285,24.24541],[70.805078,24.261963],[70.88623,24.34375],[70.928125,24.362354],[70.982813,24.361035],[71.044043,24.400098],[71.045313,24.42998],[71.00625,24.444336],[70.973242,24.487402],[70.979297,24.522461],[70.969824,24.571875],[70.976367,24.61875],[71.002344,24.653906],[71.047852,24.687744],[71.020703,24.757666],[70.950879,24.891602],[70.877734,25.062988],[70.800488,25.205859],[70.702539,25.331055],[70.652051,25.4229],[70.657227,25.625781],[70.648438,25.666943],[70.614844,25.691895],[70.569531,25.705957],[70.505859,25.685303],[70.448535,25.681348],[70.325195,25.685742],[70.264648,25.706543],[70.100195,25.910059],[70.078613,25.990039],[70.077734,26.071973],[70.132617,26.214795],[70.149219,26.347559],[70.156836,26.471436],[70.147656,26.506445],[70.114648,26.548047],[70.059375,26.57876],[69.911426,26.586133],[69.735938,26.627051],[69.600586,26.699121],[69.506934,26.742676],[69.48125,26.770996],[69.47002,26.804443],[69.494531,26.95415],[69.537012,27.122949],[69.567969,27.174609],[69.621582,27.228076],[69.661328,27.264502],[69.724805,27.312695],[69.896289,27.473633],[70.049805,27.694727],[70.144531,27.849023],[70.193945,27.894873],[70.244336,27.934131],[70.318457,27.981641],[70.403711,28.025049],[70.488574,28.023145],[70.569238,27.983789],[70.629102,27.937451],[70.649121,27.835352],[70.691602,27.768994],[70.737402,27.729004],[70.797949,27.709619],[70.874902,27.714453],[71.184766,27.831641],[71.290137,27.855273],[71.542969,27.869873],[71.716699,27.915088],[71.870313,27.9625],[71.888867,28.047461],[71.948047,28.177295],[72.128516,28.346338],[72.179199,28.421777],[72.233887,28.56582],[72.291992,28.697266],[72.341895,28.751904],[72.625586,28.896143],[72.90332,29.02876],[72.94873,29.088818],[73.12832,29.363916],[73.231152,29.550635],[73.257812,29.610693],[73.317285,29.772998],[73.381641,29.934375],[73.46748,29.97168],[73.658008,30.033203],[73.80918,30.093359],[73.886523,30.162012],[73.933398,30.22207],[73.924609,30.281641],[73.882715,30.352148],[73.891602,30.394043],[73.899316,30.435352],[74.008984,30.519678],[74.215625,30.768994],[74.339355,30.893555],[74.380371,30.893408],[74.509766,30.959668],[74.632812,31.034668],[74.625781,31.06875],[74.610352,31.112842],[74.539746,31.132666],[74.517676,31.185596],[74.534961,31.261377],[74.593945,31.465381],[74.581836,31.523926],[74.509961,31.712939],[74.525977,31.765137],[74.555566,31.818555],[74.635742,31.889746],[74.739453,31.948828],[75.071484,32.089355],[75.13877,32.104785],[75.254102,32.140332],[75.324707,32.215283],[75.333496,32.279199],[75.302637,32.318896],[75.233691,32.372119],[75.104102,32.420361],[74.987305,32.462207],[74.788867,32.457812],[74.685742,32.493799],[74.657813,32.518945],[74.643359,32.607715],[74.663281,32.757666],[74.632422,32.770898],[74.588281,32.753223],[74.483398,32.770996],[74.35459,32.768701],[74.305469,32.810449],[74.32998,32.86084],[74.322754,32.927979],[74.303613,32.991797],[74.283594,33.005127],[74.22207,33.020312],[74.12627,33.075439],[74.049121,33.143408],[74.003809,33.189453],[73.989844,33.221191],[73.994238,33.242188],[74.050391,33.30127],[74.117773,33.384131],[74.142578,33.455371],[74.15,33.506982],[74.13125,33.545068],[74.069727,33.591699],[74.004004,33.632422],[73.977539,33.667822],[73.976465,33.721289],[74.000977,33.788184],[74.078418,33.838672],[74.215625,33.886572],[74.250879,33.946094],[74.246484,33.990186],[74.208984,34.003418],[74.112598,34.003711],[73.949902,34.018799],[73.922363,34.043066],[73.904102,34.075684],[73.903906,34.108008],[73.938281,34.144775],[73.979492,34.191309],[73.972363,34.236621],[73.924609,34.287842],[73.809961,34.325342],[73.794531,34.378223],[73.812109,34.422363],[73.850098,34.485303],[73.883105,34.529053],[73.96123,34.653467],[74.055859,34.680664],[74.171973,34.720898],[74.300391,34.765381],[74.497949,34.732031],[74.594141,34.715771],[74.78877,34.677734],[74.951855,34.64585],[75.118457,34.636816],[75.1875,34.639014],[75.264063,34.601367],[75.452539,34.536719],[75.605566,34.502734],[75.70918,34.503076],[75.862109,34.560254],[75.938281,34.612549],[76.041016,34.669922],[76.172461,34.667725],[76.456738,34.756104],[76.509961,34.740869],[76.594434,34.73584],[76.696289,34.786914],[76.749023,34.847559],[76.75752,34.877832],[76.78291,34.900195],[76.891699,34.938721],[77.000879,34.991992],[77.030664,35.062354],[77.048633,35.109912],[77.168555,35.171533],[77.292969,35.235547],[77.423437,35.302588],[77.571582,35.37876],[77.696973,35.443262],[77.799414,35.495898],[77.802539,35.492773],[77.810938,35.484521],[77.851562,35.460791],[77.894922,35.449023],[77.945898,35.471631],[78.009473,35.490234],[78.042676,35.479785],[78.047461,35.449414],[78.00918,35.306934],[78.012207,35.251025],[78.075781,35.134912],[78.158496,34.946484],[78.236133,34.769824],[78.282031,34.653906],[78.326953,34.606396],[78.515723,34.557959],[78.670801,34.518164],[78.763086,34.45293],[78.864844,34.390332],[78.936426,34.351953],[78.970117,34.302637],[78.976953,34.258105],[78.970605,34.228223],[78.931738,34.188965],[78.753027,34.087695],[78.731738,34.055566],[78.72666,34.013379],[78.761719,33.887598],[78.783789,33.808789],[78.789941,33.650342],[78.801855,33.499707],[78.865039,33.431104],[78.916699,33.386768],[78.948438,33.346533],[79.012598,33.291455],[79.066504,33.250391],[79.1125,33.22627],[79.135156,33.171924],[79.12168,33.108105],[79.102832,33.052539],[79.108594,33.022656],[79.145508,33.001465],[79.202246,32.946045],[79.20957,32.864844],[79.205566,32.809033],[79.22793,32.758789],[79.233887,32.703076],[79.216504,32.564014],[79.219043,32.507568],[79.219336,32.501074],[79.169922,32.497217],[79.127344,32.475781],[79.066992,32.388184],[78.997656,32.365137],[78.918945,32.358203],[78.837891,32.411963],[78.771289,32.468066],[78.753516,32.499268],[78.736719,32.558398],[78.700879,32.597021],[78.631543,32.578955],[78.526367,32.570801],[78.4125,32.557715],[78.391699,32.544727],[78.389648,32.519873],[78.41748,32.466699],[78.441309,32.397363],[78.455273,32.300342],[78.486133,32.23623],[78.495898,32.215771],[78.677734,32.023047],[78.725586,31.983789],[78.735449,31.957959],[78.719727,31.887646],[78.687012,31.805518],[78.693457,31.740381],[78.753906,31.668359],[78.80293,31.618066],[78.755078,31.550293],[78.726758,31.471826],[78.758594,31.436572],[78.743555,31.323779],[78.757812,31.30249],[78.791602,31.293652],[78.844531,31.301514],[78.899512,31.331348],[78.945996,31.337207],[78.973926,31.328613],[79.011133,31.414111],[79.04375,31.426221],[79.107129,31.402637],[79.232617,31.241748],[79.33877,31.105713],[79.369629,31.079932],[79.388477,31.064209],[79.493164,30.993701],[79.56543,30.949072],[79.664258,30.965234],[79.794629,30.968262],[79.871875,30.924609],[79.916602,30.894189],[79.918555,30.889893],[79.924512,30.88877],[80.081445,30.781934],[80.149414,30.789844],[80.194336,30.759229],[80.207129,30.68374],[80.18623,30.605322],[80.191211,30.568408],[80.260938,30.561328],[80.40957,30.509473],[80.541016,30.463525],[80.608887,30.448877],[80.682129,30.414844],[80.746777,30.3604],[80.873535,30.290576],[80.985449,30.237109],[81.010254,30.164502],[80.966113,30.180029],[80.907617,30.171924],[80.848145,30.139746],[80.819922,30.119336],[80.684082,29.994336],[80.612891,29.955859],[80.549023,29.899805],[80.401855,29.730273],[80.316895,29.57207],[80.254883,29.42334],[80.255957,29.318018],[80.233008,29.194629],[80.169531,29.124316],[80.130469,29.100391],[80.08457,28.994189],[80.05166,28.870312],[80.070703,28.830176],[80.149609,28.776074],[80.226562,28.72334],[80.324805,28.666406],[80.418555,28.612012],[80.479102,28.604883],[80.495801,28.635791],[80.517871,28.665186],[80.587012,28.649609],[80.671289,28.59624],[80.726172,28.553906],[80.750781,28.539697],[80.896094,28.468555],[81.016602,28.40957],[81.168945,28.33501],[81.20625,28.289404],[81.238965,28.240869],[81.31084,28.176367],[81.486035,28.062207],[81.635547,27.980469],[81.757227,27.913818],[81.852637,27.86709],[81.896875,27.874463],[81.945215,27.899268],[81.987695,27.91377],[82.037012,27.900586],[82.111914,27.864941],[82.287695,27.756543],[82.451367,27.671826],[82.629883,27.687061],[82.677344,27.673437],[82.71084,27.59668],[82.733398,27.518994],[82.932813,27.467676],[83.064063,27.444531],[83.213867,27.402295],[83.289746,27.370996],[83.369434,27.410254],[83.383984,27.444824],[83.447168,27.465332],[83.55166,27.456348],[83.746973,27.395947],[83.828809,27.377832],[83.897168,27.435107],[84.024805,27.46167],[84.091016,27.491357],[84.229785,27.427832],[84.480859,27.348193],[84.610156,27.298682],[84.640723,27.249854],[84.654785,27.203662],[84.653809,27.091699],[84.685352,27.041016],[84.937207,26.926904],[85.020117,26.878516],[85.087305,26.862939],[85.125391,26.860986],[85.151563,26.846631],[85.174121,26.781543],[85.191797,26.766553],[85.240234,26.750342],[85.292969,26.741016],[85.456445,26.797217],[85.568457,26.839844],[85.648438,26.829004],[85.699902,26.781641],[85.707422,26.712646],[85.737305,26.639746],[85.794531,26.60415],[85.855664,26.600195],[86.007324,26.649365],[86.129395,26.611719],[86.241602,26.597998],[86.366113,26.574414],[86.414453,26.556299],[86.543652,26.495996],[86.701367,26.435059],[86.7625,26.441943],[87.016406,26.55542],[87.037891,26.541602],[87.089551,26.433203],[87.166797,26.394238],[87.287402,26.360303],[87.413574,26.422949],[87.513086,26.40498],[87.633398,26.399121],[87.748828,26.429297],[87.849219,26.436914],[87.995117,26.382373],[88.026953,26.39502],[88.054883,26.430029],[88.111523,26.586426],[88.161523,26.724805],[88.157227,26.807324],[88.111035,26.928467],[87.993164,27.086084],[87.984375,27.133936],[88.024121,27.408887],[88.067871,27.567383],[88.105566,27.642432],[88.146973,27.749219],[88.154297,27.798682],[88.150293,27.843311],[88.109766,27.870605],[88.098926,27.904541],[88.108984,27.933008],[88.141113,27.948926],[88.275195,27.968848],[88.425977,28.01167],[88.486133,28.034473],[88.531641,28.057373],[88.57793,28.093359],[88.621094,28.091846],[88.75625,28.039697],[88.803711,28.006934],[88.828613,27.907275],[88.848828,27.868652],[88.829883,27.767383],[88.749023,27.521875],[88.764844,27.429883],[88.83252,27.362842],[88.891406,27.316064],[88.881641,27.297461],[88.760352,27.218115],[88.73877,27.175586],[88.765625,27.134229],[88.813574,27.099023],[88.835156,27.065576],[88.857617,26.961475],[88.919141,26.932227],[89.040918,26.865039],[89.148242,26.816162],[89.332129,26.848633],[89.38418,26.826562],[89.474609,26.803418],[89.545117,26.79624],[89.586133,26.778955],[89.60918,26.762207],[89.606152,26.741113],[89.609961,26.719434],[89.710938,26.713916],[89.763867,26.701563],[89.943164,26.723926],[90.122949,26.75459],[90.206055,26.84751],[90.242383,26.85415],[90.345898,26.890332],[90.447656,26.850781],[90.559863,26.796582],[90.620313,26.780225],[90.739648,26.77168],[90.855762,26.777734],[91.133887,26.803418],[91.286523,26.789941],[91.426758,26.86709],[91.455859,26.866895],[91.517578,26.807324],[91.671582,26.802002],[91.753711,26.830762],[91.84209,26.852979],[91.898633,26.860059],[91.94375,26.86084],[91.99834,26.85498],[92.049707,26.874854],[92.073438,26.914844],[92.068164,26.975195],[92.030859,27.04082],[91.998633,27.079297],[91.992285,27.099902],[92.002539,27.147363],[92.031152,27.214307],[92.083398,27.290625],[92.044922,27.364697],[91.99082,27.450195],[91.950977,27.458301],[91.85127,27.438623],[91.743066,27.442529],[91.658105,27.493604],[91.594727,27.557666],[91.579297,27.611426],[91.597656,27.677002],[91.625879,27.737305],[91.631934,27.759961],[91.712598,27.759814],[91.824707,27.746436],[91.909375,27.729687],[91.977637,27.730371],[92.10127,27.807617],[92.157617,27.812256],[92.222266,27.826953],[92.250488,27.841504],[92.270117,27.830225],[92.341016,27.820752],[92.414844,27.824609],[92.480664,27.845947],[92.54668,27.879199],[92.664355,27.948926],[92.687793,27.988965],[92.6875,28.025732],[92.665625,28.049854],[92.643457,28.061523],[92.652539,28.093359],[92.701855,28.147119],[92.881836,28.228125],[93.034961,28.327637],[93.119238,28.402295],[93.157813,28.492725],[93.206543,28.59082],[93.251953,28.629492],[93.360547,28.654053],[93.664941,28.690234],[93.760742,28.729785],[93.902246,28.803223],[93.973633,28.860791],[94.013281,28.90752],[94.017676,28.959521],[94.111523,28.975879],[94.193457,29.059912],[94.293262,29.144629],[94.468066,29.216211],[94.623047,29.312402],[94.677051,29.297021],[94.733398,29.251611],[94.763086,29.20127],[94.769434,29.175879],[94.96748,29.144043],[94.998828,29.14917],[95.144727,29.104053],[95.279102,29.049561],[95.353125,29.035889],[95.389258,29.037402],[95.420215,29.054297],[95.456543,29.102295],[95.49375,29.137012],[95.516992,29.151172],[95.51582,29.206348],[95.710352,29.313818],[95.885059,29.390918],[96.035352,29.447168],[96.07959,29.424121],[96.128516,29.381396],[96.194727,29.272461],[96.234961,29.245801],[96.337207,29.260986],[96.355859,29.249072],[96.339746,29.209814],[96.270508,29.16123],[96.180859,29.117676],[96.122363,29.08208],[96.141406,28.963477],[96.137109,28.922607],[96.162207,28.909717],[96.346875,29.027441],[96.435742,29.050684],[96.46709,29.022266],[96.477148,28.959326],[96.55,28.82959],[96.580859,28.763672],[96.395605,28.606543],[96.327344,28.525391],[96.329883,28.496826],[96.326172,28.468555],[96.278906,28.428174],[96.281445,28.412061],[96.319824,28.386523],[96.366406,28.367285],[96.389063,28.36792],[96.427734,28.406006],[96.602637,28.459912],[96.652832,28.449756],[96.775781,28.367041],[96.833008,28.362402],[96.980859,28.337695],[97.075391,28.368945],[97.145117,28.340332],[97.289453,28.236816],[97.322461,28.217969],[97.310254,28.155225],[97.302734,28.085986],[97.33916,28.030859],[97.343555,27.982324],[97.335156,27.937744],[97.306152,27.90708],[97.226074,27.890039],[97.157813,27.836865],[97.049707,27.76001],[96.962793,27.698291],[96.899707,27.643848],[96.876855,27.586719],[96.883594,27.514844],[96.901953,27.4396],[97.103711,27.16333],[97.102051,27.11543],[97.038086,27.102051],[96.953418,27.133301],[96.880273,27.177832],[96.797852,27.296191],[96.731641,27.331494],[96.665723,27.339258],[96.274219,27.278369],[96.19082,27.261279],[96.061426,27.21709],[95.970898,27.128076],[95.905273,27.046631],[95.837305,27.013818],[95.738379,26.950439],[95.463867,26.756055],[95.305078,26.672266],[95.201465,26.641406],[95.128711,26.597266],[95.089453,26.525488],[95.059766,26.473975],[95.050879,26.347266],[95.068945,26.191113],[95.108398,26.091406],[95.129297,26.07041],[95.132422,26.04126],[95.092969,25.987305],[95.040723,25.941309],[95.015234,25.912939],[94.991992,25.770459],[94.945703,25.700244],[94.861133,25.597217],[94.78584,25.519336],[94.667773,25.458887],[94.622852,25.41001],[94.579883,25.319824],[94.554395,25.243457],[94.553027,25.215723],[94.566504,25.191504],[94.615625,25.1646],[94.675293,25.138574],[94.703711,25.097852],[94.707617,25.04873],[94.663281,24.931006],[94.584082,24.767236],[94.493164,24.637646],[94.399414,24.514062],[94.377246,24.47373],[94.293066,24.321875],[94.219727,24.113184],[94.170313,23.972656],[94.127637,23.876465],[94.074805,23.87207],[94.01084,23.90293],[93.855469,23.943896],[93.755859,23.976904],[93.683398,24.006543],[93.633301,24.005371],[93.564063,23.986084],[93.49375,23.972852],[93.452148,23.987402],[93.355566,24.074121],[93.32627,24.064209],[93.307324,24.021875],[93.372559,23.77417],[93.414941,23.68208],[93.408105,23.528027],[93.391309,23.33916],[93.366016,23.13252],[93.349414,23.084961],[93.308008,23.030371],[93.253516,23.015479],[93.203906,23.037012],[93.16416,23.032031],[93.150977,22.997314],[93.1625,22.907959],[93.114258,22.805713],[93.078711,22.718213],[93.088184,22.633252],[93.105078,22.547119],[93.162012,22.360205],[93.162402,22.291895],[93.151172,22.230615],[93.121484,22.205176],[93.070605,22.209424],[93.042969,22.183984],[93.021973,22.145703],[92.964551,22.00376],[92.909473,21.988916],[92.854297,22.010156],[92.771387,22.104785],[92.720996,22.132422],[92.688965,22.130957],[92.674707,22.106006],[92.652637,22.049316],[92.630371,22.011328],[92.574902,21.978076],[92.56123,22.048047],[92.531836,22.410303],[92.50957,22.525684],[92.491406,22.6854],[92.464453,22.734424],[92.430469,22.821826],[92.393164,22.897021],[92.361621,22.929004],[92.341211,23.069824],[92.333789,23.242383],[92.33418,23.323828],[92.289355,23.49248],[92.246094,23.683594],[92.187109,23.675537],[92.152344,23.721875],[92.127051,23.720996],[92.044043,23.677783],[91.978516,23.691992],[91.92959,23.685986],[91.929492,23.598242],[91.937891,23.504688],[91.919141,23.471045],[91.790039,23.361035],[91.754199,23.287305],[91.75791,23.209814],[91.773828,23.106104],[91.750977,23.053516],[91.694922,23.004834],[91.619531,22.979688],[91.553516,22.991553],[91.51123,23.033691],[91.471387,23.14126],[91.43623,23.199902],[91.399414,23.213867],[91.370605,23.197998],[91.366797,23.130469],[91.368652,23.074561],[91.359375,23.068359],[91.338867,23.077002],[91.315234,23.104395],[91.253809,23.373633],[91.165527,23.581055],[91.160449,23.660645],[91.19248,23.762891],[91.232031,23.920459],[91.336426,24.018799],[91.350195,24.060498],[91.36709,24.093506],[91.392676,24.100098],[91.526367,24.090771],[91.571387,24.106592],[91.611133,24.152832],[91.66875,24.190088],[91.726562,24.205078],[91.772461,24.210645],[91.846191,24.175293],[91.876953,24.195312],[91.899023,24.260693],[91.931055,24.325537],[91.95166,24.356738],[92.001074,24.370898],[92.06416,24.374365],[92.085059,24.386182],[92.101953,24.408057],[92.11748,24.493945],[92.198047,24.685742],[92.22666,24.770996],[92.230566,24.78623],[92.22832,24.881348],[92.25127,24.895068],[92.384961,24.848779],[92.443164,24.849414],[92.475,24.868506],[92.485449,24.90332],[92.468359,24.944141],[92.373438,25.015137],[92.204688,25.110937],[92.049707,25.169482],[91.763477,25.160645],[91.479688,25.142139],[91.39668,25.151611],[91.293164,25.177979],[91.038281,25.174072],[90.730176,25.159473],[90.613086,25.167725],[90.555273,25.166602],[90.439355,25.157715],[90.250391,25.184961],[90.119629,25.219971],[90.003809,25.25835],[89.866309,25.293164],[89.833301,25.292773],[89.814063,25.305371],[89.800879,25.336133],[89.796289,25.37583],[89.824902,25.560156],[89.799609,25.8396],[89.822949,25.941406],[89.709863,26.17124],[89.670898,26.213818],[89.619043,26.215674],[89.585742,26.186035],[89.572754,26.132324],[89.591406,26.072412],[89.549902,26.005273],[89.466895,25.983545],[89.369727,26.006104],[89.289258,26.037598],[89.186426,26.105957],[89.108301,26.202246],[89.101953,26.30835],[89.066797,26.376904],[89.018652,26.410254],[88.983398,26.419531],[88.951953,26.412109],[88.924121,26.375098],[88.948242,26.337988],[88.981543,26.286133],[88.97041,26.250879],[88.940723,26.245361],[88.896484,26.260498],[88.828027,26.252197],[88.761914,26.279395],[88.722168,26.281836],[88.682813,26.291699],[88.680664,26.352979],[88.620117,26.430664],[88.518262,26.517773],[88.418164,26.571533],[88.369922,26.564111],[88.345898,26.504785],[88.351465,26.482568],[88.38623,26.471533],[88.436719,26.437109],[88.447852,26.401025],[88.44043,26.369482],[88.378027,26.312012],[88.333984,26.25752],[88.235156,26.178076],[88.150781,26.087158],[88.129004,26.018213],[88.097363,25.956348],[88.08457,25.888232],[88.106641,25.841113],[88.147461,25.811426],[88.25293,25.789795],[88.363086,25.698193],[88.452344,25.574414],[88.502441,25.537012],[88.593457,25.495312],[88.769141,25.490479],[88.79541,25.45625],[88.820312,25.365527],[88.854785,25.333545],[88.944141,25.290771],[88.95166,25.259277],[88.929785,25.222998],[88.890137,25.194385],[88.817285,25.176221],[88.747559,25.168945],[88.677539,25.180469],[88.573828,25.187891],[88.45625,25.188428],[88.372949,24.961523],[88.313379,24.881836],[88.279492,24.881934],[88.188867,24.920605],[88.149805,24.914648],[88.045117,24.713037],[88.030273,24.664453],[88.023438,24.627832],[88.079102,24.549902],[88.145508,24.485791],[88.225,24.460645],[88.287109,24.479736],[88.3375,24.453857],[88.396973,24.389258],[88.498535,24.346631],[88.642285,24.325977],[88.723535,24.274902],[88.733594,24.230908],[88.726562,24.18623],[88.71377,24.069629],[88.699805,24.002539],[88.622559,23.826367],[88.567383,23.674414],[88.595996,23.602197],[88.616406,23.572754],[88.635742,23.55],[88.697656,23.493018],[88.74082,23.436621],[88.704004,23.292822],[88.724414,23.25498],[88.807617,23.229687],[88.89707,23.2104],[88.928125,23.186621],[88.850586,23.040527],[88.866992,22.938867],[88.899707,22.843506],[88.923438,22.687549],[88.926953,22.671143],[88.920703,22.632031],[88.971484,22.510937],[89.05,22.274609],[89.055859,22.18623],[89.051465,22.093164],[89.02793,21.937207],[88.949316,21.937939],[89.019629,21.833643],[89.041992,21.758691],[89.05166,21.654102],[88.96709,21.641357],[88.907422,21.653076],[88.85752,21.744678],[88.834375,21.661377],[88.74502,21.584375],[88.712988,21.621973],[88.694727,21.662402],[88.691211,21.733496],[88.740234,22.00542],[88.730273,22.036084],[88.708301,22.056152],[88.65957,22.066943],[88.641602,22.121973],[88.566797,21.832129],[88.599805,21.71377],[88.584668,21.659717],[88.445996,21.614258],[88.305469,21.72334],[88.2875,21.758203],[88.279199,21.696875],[88.253711,21.622314],[88.12207,21.635791],[88.056836,21.694141],[88.099414,21.793555],[88.181055,22.03291],[88.196289,22.139551],[88.087109,22.217725],[87.994434,22.265674],[87.941406,22.374316],[87.961621,22.255029],[88.010742,22.212646],[88.083008,22.182715],[88.159277,22.121729],[88.104102,22.047363],[88.050781,22.001074],[87.948437,21.825439],[87.82373,21.727344],[87.678223,21.653516],[87.200684,21.544873],[87.100684,21.500781],[86.954102,21.365332],[86.85957,21.236719],[86.842285,21.106348],[86.895801,20.965576],[86.939355,20.745068],[86.975488,20.700146],[86.924512,20.619775],[86.835938,20.534326],[86.7625,20.419141],[86.769238,20.355908],[86.750391,20.313232],[86.49873,20.171631],[86.445801,20.088916],[86.376563,20.006738],[86.293652,20.05376],[86.245215,20.053027],[86.311914,19.987793],[86.30293,19.944678],[86.279492,19.919434],[86.216211,19.895801],[85.85293,19.791748],[85.575,19.69292],[85.496875,19.696924],[85.511133,19.726904],[85.559766,19.753467],[85.555078,19.866895],[85.504102,19.887695],[85.459961,19.895898],[85.248633,19.757666],[85.162793,19.620898],[85.180762,19.594873],[85.228516,19.601318],[85.370898,19.678906],[85.436914,19.656885],[85.441602,19.626562],[85.225586,19.50835],[84.770996,19.125391],[84.749805,19.050098],[84.69082,18.964697],[84.609375,18.884326],[84.462793,18.689746],[84.181738,18.400586],[84.104102,18.292676],[83.654297,18.069873],[83.572266,18.003613],[83.387988,17.78667],[83.19834,17.608984],[82.976855,17.461816],[82.593164,17.273926],[82.35957,17.096191],[82.286523,16.978076],[82.281934,16.936084],[82.307227,16.878564],[82.35,16.825195],[82.359766,16.782813],[82.338672,16.706543],[82.327148,16.664355],[82.258789,16.559863],[82.141504,16.485352],[81.761914,16.329492],[81.711719,16.334473],[81.401855,16.365234],[81.286133,16.337061],[81.238574,16.263965],[81.132129,15.961768],[81.030078,15.881445],[80.993457,15.80874],[80.978711,15.75835],[80.917773,15.759668],[80.864746,15.782227],[80.825977,15.765918],[80.781836,15.867334],[80.707812,15.888086],[80.646582,15.89502],[80.384863,15.792773],[80.293457,15.710742],[80.101074,15.323633],[80.053418,15.074023],[80.098633,14.798242],[80.16543,14.577832],[80.178711,14.47832],[80.170117,14.349414],[80.13623,14.286572],[80.111719,14.212207],[80.143652,14.058936],[80.224414,13.858203],[80.244141,13.773486],[80.245801,13.68584],[80.306543,13.485059],[80.265625,13.521289],[80.233398,13.605762],[80.15625,13.71377],[80.062109,13.60625],[80.114258,13.528711],[80.290332,13.436719],[80.342383,13.361328],[80.229102,12.690332],[80.143066,12.452002],[80.0375,12.295801],[79.981738,12.235449],[79.858496,11.98877],[79.771387,11.690234],[79.754102,11.575293],[79.793359,11.44668],[79.748926,11.370605],[79.693164,11.312549],[79.799023,11.338672],[79.835254,11.268848],[79.848633,11.196875],[79.850195,10.768848],[79.838184,10.322559],[79.756934,10.304346],[79.667383,10.299707],[79.588574,10.312354],[79.531641,10.329639],[79.390527,10.305957],[79.314551,10.256689],[79.253613,10.174805],[79.257812,10.035205],[78.996289,9.683105],[78.939941,9.565771],[78.919141,9.452881],[78.953125,9.393799],[79.019922,9.33335],[79.107031,9.308936],[79.275488,9.284619],[79.356348,9.252148],[79.411426,9.192383],[79.212891,9.256006],[78.97959,9.268555],[78.421484,9.105029],[78.274512,8.990186],[78.19248,8.890869],[78.136035,8.663379],[78.126367,8.511328],[78.060156,8.38457],[77.770312,8.189844],[77.587207,8.129883],[77.517578,8.07832],[77.301465,8.145313],[77.065918,8.315918],[76.966895,8.407275],[76.617285,8.84707],[76.553418,8.902783],[76.48291,9.090771],[76.471777,9.16084],[76.452344,9.18877],[76.419043,9.207812],[76.403125,9.236816],[76.324609,9.4521],[76.292383,9.676465],[76.242383,9.9271],[76.284668,9.909863],[76.343066,9.827344],[76.372266,9.707373],[76.375586,9.539893],[76.419531,9.520459],[76.458789,9.53623],[76.346484,9.922119],[76.24873,10.017969],[76.222754,10.024268],[76.195605,10.086133],[76.192676,10.16377],[76.201465,10.200635],[76.12334,10.327002],[76.096094,10.402246],[75.922559,10.784082],[75.844629,11.057568],[75.723828,11.361768],[75.646094,11.468408],[75.524512,11.703125],[75.422656,11.812207],[75.314648,11.958447],[75.229785,12.02334],[75.19668,12.05752],[74.945508,12.564551],[74.868262,12.84458],[74.80293,12.976855],[74.770508,13.077344],[74.682324,13.506934],[74.681641,13.58374],[74.670898,13.667627],[74.608496,13.849658],[74.498535,14.046338],[74.466699,14.168848],[74.466992,14.216504],[74.397168,14.407422],[74.382227,14.494727],[74.335059,14.575439],[74.280371,14.649512],[74.223047,14.708887],[74.08877,14.902197],[74.040625,14.949365],[73.949219,15.074756],[73.884277,15.306445],[73.800781,15.396973],[73.931934,15.396973],[73.851953,15.482471],[73.813867,15.538574],[73.771777,15.573047],[73.832813,15.659375],[73.732813,15.656934],[73.679883,15.708887],[73.607715,15.871094],[73.476074,16.054248],[73.453711,16.1521],[73.337598,16.459863],[73.23916,17.198535],[73.149023,17.527441],[73.156055,17.621924],[73.047168,17.906738],[72.993945,18.097705],[72.97207,18.259277],[72.943164,18.365625],[72.917187,18.576123],[72.875488,18.642822],[72.870898,18.683057],[72.89873,18.778955],[72.976855,18.927197],[73.005566,19.021094],[72.97207,19.15332],[72.900684,19.014502],[72.834668,18.975586],[72.803027,19.079297],[72.802734,19.21875],[72.794531,19.2521],[72.811621,19.298926],[72.987207,19.277441],[72.787891,19.362988],[72.763965,19.413184],[72.756445,19.450537],[72.799414,19.519824],[72.726563,19.578271],[72.697461,19.757129],[72.675977,19.797949],[72.667773,19.830957],[72.708984,20.078027],[72.881152,20.563184],[72.89375,20.672754],[72.878906,20.828516],[72.840527,20.95249],[72.824316,21.083594],[72.813867,21.117188],[72.751562,21.12915],[72.692383,21.177637],[72.623828,21.371973],[72.686523,21.435742],[72.734766,21.470801],[72.668359,21.455908],[72.613281,21.461816],[72.717578,21.55127],[72.810547,21.619922],[73.022461,21.699609],[73.1125,21.750439],[72.979102,21.704688],[72.839746,21.687256],[72.543066,21.696582],[72.59248,21.877588],[72.644043,21.937988],[72.700195,21.971924],[72.61748,21.961719],[72.522266,21.976221],[72.553027,22.159961],[72.62793,22.199609],[72.708789,22.207178],[72.80918,22.233301],[72.701953,22.263623],[72.590137,22.278125],[72.455957,22.248096],[72.332617,22.270215],[72.182813,22.269727],[72.242578,22.245166],[72.306445,22.189209],[72.274414,22.089746],[72.244336,22.027637],[72.161719,21.984814],[72.094434,21.919971],[72.075586,21.862988],[72.037207,21.823047],[72.10293,21.79458],[72.170898,21.774316],[72.210352,21.728223],[72.256641,21.66123],[72.254004,21.531006],[72.076563,21.224072],[72.015234,21.155713],[71.571094,20.970557],[71.396484,20.869775],[71.024609,20.738867],[70.879687,20.714502],[70.719336,20.74043],[70.485059,20.840186],[70.127344,21.094678],[70.034375,21.178809],[69.748438,21.505713],[69.541992,21.678564],[69.385449,21.839551],[69.191699,21.991504],[69.008789,22.196777],[68.969922,22.290283],[68.983496,22.3854],[69.05166,22.437305],[69.131348,22.41626],[69.194238,22.336084],[69.238867,22.300195],[69.276563,22.285498],[69.549219,22.408398],[69.655176,22.403516],[69.727539,22.465186],[69.819043,22.451758],[70.005859,22.547705],[70.08418,22.553516],[70.177246,22.572754],[70.327734,22.815771],[70.44043,22.970312],[70.513477,23.00249],[70.509375,23.040137],[70.489258,23.089502],[70.43457,23.0771],[70.396289,23.030127],[70.367969,22.973486],[70.339453,22.939746],[70.251172,22.970898],[70.191699,22.965674],[70.118262,22.947021],[69.849805,22.856445],[69.739648,22.775195],[69.664648,22.759082],[69.235937,22.848535],[68.81709,23.053711],[68.640723,23.189941],[68.529199,23.364063],[68.41748,23.571484],[68.453809,23.629492],[68.627148,23.75415],[68.776758,23.8521],[68.642383,23.808496],[68.496875,23.747998],[68.424902,23.705566],[68.343359,23.616846],[68.234961,23.596973],[68.191992,23.728906],[68.165039,23.857324]]],[[[93.890039,6.831055],[93.828809,6.748682],[93.709277,7.000684],[93.658008,7.016064],[93.656348,7.13623],[93.68418,7.183594],[93.822461,7.236621],[93.858984,7.206836],[93.92959,6.973486],[93.890039,6.831055]]],[[[93.733594,7.356494],[93.638477,7.261865],[93.597266,7.31875],[93.614258,7.358105],[93.654688,7.379932],[93.69248,7.410596],[93.733594,7.356494]]],[[[93.140723,8.249512],[93.170605,8.212061],[93.115234,8.218506],[93.064258,8.274951],[93.077539,8.327881],[93.096973,8.349365],[93.140723,8.249512]]],[[[93.442578,7.877832],[93.365039,7.876562],[93.341992,7.919336],[93.309375,7.964014],[93.334473,8.006934],[93.375488,8.01792],[93.433691,7.948389],[93.447363,7.899121],[93.442578,7.877832]]],[[[93.536914,8.056641],[93.490039,8.019434],[93.478223,8.024463],[93.471777,8.052686],[93.469727,8.072656],[93.46123,8.108594],[93.456445,8.171875],[93.494043,8.224658],[93.531641,8.21377],[93.511621,8.159766],[93.536914,8.056641]]],[[[92.7875,9.13667],[92.743555,9.130957],[92.716602,9.165088],[92.713281,9.204883],[92.738574,9.230664],[92.762109,9.243896],[92.785742,9.240527],[92.809277,9.173389],[92.7875,9.13667]]],[[[92.502832,10.554883],[92.472656,10.520752],[92.369531,10.547412],[92.377148,10.650586],[92.352832,10.751123],[92.370703,10.793506],[92.447852,10.865527],[92.510352,10.897461],[92.554004,10.799805],[92.574316,10.704248],[92.502832,10.554883]]],[[[92.693164,11.381152],[92.644531,11.361328],[92.595703,11.386426],[92.633887,11.426758],[92.640234,11.509131],[92.690039,11.463428],[92.687207,11.41123],[92.693164,11.381152]]],[[[92.722754,11.536084],[92.700781,11.512549],[92.668359,11.538721],[92.575586,11.718213],[92.559668,11.833447],[92.533887,11.873389],[92.566504,11.930518],[92.60752,11.949512],[92.631836,12.013867],[92.640625,12.112207],[92.676465,12.192383],[92.694727,12.214697],[92.769238,12.215576],[92.788281,12.225781],[92.777637,12.302539],[92.734082,12.335938],[92.718945,12.357324],[92.720703,12.54126],[92.732031,12.615625],[92.75918,12.669092],[92.740039,12.779639],[92.753125,12.820898],[92.807031,12.878906],[92.830859,13.002637],[92.808984,13.0396],[92.860156,13.230566],[92.857324,13.358105],[92.924609,13.48584],[93.029395,13.543848],[93.062305,13.545459],[93.066699,13.436475],[93.07666,13.400684],[93.016016,13.336182],[93.073828,13.2521],[93.066113,13.221582],[93.042969,13.154883],[93.004687,13.089355],[92.951367,13.0625],[92.909961,12.975195],[92.88623,12.942285],[92.965039,12.850488],[92.990234,12.538525],[92.932617,12.453076],[92.863672,12.436035],[92.879492,12.22793],[92.867188,12.181445],[92.798828,12.079248],[92.78623,12.034668],[92.747656,11.992773],[92.763965,11.94043],[92.796777,11.917529],[92.797559,11.874658],[92.766992,11.764648],[92.764648,11.63916],[92.722754,11.536084]]],[[[93.017383,12.036816],[93.062109,11.899414],[92.981738,11.959473],[92.955371,12.002441],[92.995801,12.031787],[93.017383,12.036816]]],[[[92.717578,12.864893],[92.685742,12.799951],[92.679688,12.939258],[92.694434,12.956787],[92.710645,12.961572],[92.730859,12.948535],[92.717578,12.864893]]],[[[72.780371,11.20249],[72.773047,11.196094],[72.772461,11.214258],[72.781836,11.243311],[72.792676,11.262744],[72.795898,11.260449],[72.792871,11.241553],[72.787891,11.215918],[72.780371,11.20249]]],[[[73.067383,8.269092],[73.05332,8.256689],[73.038867,8.251953],[73.028516,8.253516],[73.023438,8.265918],[73.026074,8.275293],[73.038965,8.264844],[73.055859,8.274561],[73.075195,8.306348],[73.079492,8.316504],[73.083594,8.311035],[73.079785,8.293066],[73.067383,8.269092]]]]}},{"type":"Feature","properties":{"code":"CHN","name":"China","name_en":"People's Republic of China"},"geometry":{"type":"MultiPolygon","coordinates":[[[[118.183008,24.496289],[118.149512,24.436133],[118.090527,24.446143],[118.08877,24.488867],[118.076758,24.501416],[118.092969,24.541211],[118.103809,24.552344],[118.170703,24.518506],[118.183008,24.496289]]],[[[121.862695,31.492285],[121.780469,31.46377],[121.519922,31.549609],[121.336426,31.64375],[121.226855,31.758105],[121.211133,31.805371],[121.338965,31.797363],[121.46416,31.756445],[121.491797,31.693652],[121.542285,31.673926],[121.576563,31.637305],[121.808301,31.552148],[121.843652,31.526367],[121.862695,31.492285]]],[[[122.295898,29.963428],[122.281543,29.943848],[122.157813,30.00127],[122.024023,30.01333],[121.977832,30.063818],[121.969434,30.143115],[122.110547,30.139746],[122.284473,30.068018],[122.322266,30.031396],[122.295898,29.963428]]],[[[122.172559,29.679004],[122.169043,29.660254],[122.083789,29.725342],[122.042676,29.735937],[122.062305,29.772754],[122.119629,29.782227],[122.165039,29.700781],[122.172559,29.679004]]],[[[122.403906,29.892383],[122.394043,29.846094],[122.367578,29.852686],[122.331836,29.934961],[122.350977,29.955225],[122.401563,29.950244],[122.403906,29.892383]]],[[[119.820898,25.456982],[119.74668,25.410693],[119.700293,25.432715],[119.699414,25.494727],[119.723047,25.550586],[119.695996,25.590869],[119.722559,25.638818],[119.77793,25.653174],[119.797461,25.623242],[119.828711,25.607373],[119.838379,25.591064],[119.838672,25.559668],[119.809082,25.507812],[119.832422,25.47959],[119.820898,25.456982]]],[[[110.385156,21.093164],[110.422363,21.058594],[110.521582,21.083105],[110.539551,21.039014],[110.538867,21.018457],[110.503906,20.967725],[110.421875,21.006885],[110.339941,20.997754],[110.280957,21.001172],[110.264648,21.025195],[110.309863,21.074756],[110.385156,21.093164]]],[[[121.251367,28.086426],[121.164258,28.0625],[121.131543,28.062598],[121.133984,28.135254],[121.205469,28.204395],[121.234375,28.181299],[121.250977,28.145215],[121.251367,28.086426]]],[[[113.555273,22.804199],[113.563672,22.75791],[113.485645,22.82832],[113.463379,22.832373],[113.426074,22.858594],[113.404395,22.902832],[113.464941,22.904541],[113.520508,22.852051],[113.555273,22.804199]]],[[[112.790234,21.601855],[112.771094,21.581836],[112.741992,21.618066],[112.733496,21.669922],[112.712695,21.697949],[112.760547,21.733252],[112.782031,21.772266],[112.839063,21.764502],[112.862598,21.752637],[112.812598,21.712158],[112.800684,21.694873],[112.790234,21.601855]]],[[[112.64375,21.639648],[112.545605,21.618506],[112.525,21.623047],[112.558984,21.674756],[112.647656,21.710254],[112.64375,21.639648]]],[[[107.972656,21.507959],[107.908398,21.5604],[107.802051,21.645166],[107.759277,21.655029],[107.641016,21.613916],[107.471387,21.59834],[107.433496,21.642285],[107.351172,21.608887],[107.27207,21.710645],[107.178516,21.71709],[107.061621,21.794189],[107.019824,21.834863],[107.006445,21.893408],[106.970996,21.923926],[106.925195,21.920117],[106.874512,21.95127],[106.794141,21.981982],[106.729492,22.000342],[106.697656,21.986182],[106.663574,21.978906],[106.657715,22.018213],[106.660059,22.136475],[106.654199,22.241455],[106.636523,22.288623],[106.593164,22.324512],[106.553613,22.341699],[106.536328,22.39541],[106.550391,22.501367],[106.582422,22.573242],[106.633105,22.586035],[106.701563,22.637744],[106.736328,22.710938],[106.780273,22.778906],[106.624023,22.874268],[106.541797,22.90835],[106.450879,22.893896],[106.338086,22.863477],[106.279004,22.857471],[106.249414,22.869434],[106.183984,22.955127],[106.148438,22.970068],[106.068457,22.975537],[106.000977,22.974756],[105.962305,22.937451],[105.902637,22.924951],[105.842969,22.922803],[105.782324,22.969336],[105.691211,23.029932],[105.548145,23.072656],[105.530859,23.121973],[105.494531,23.180859],[105.440137,23.235352],[105.350488,23.307666],[105.275391,23.345215],[105.23877,23.322119],[105.189063,23.281055],[104.995703,23.194336],[104.910156,23.160547],[104.864746,23.136377],[104.826563,23.100195],[104.814746,23.010791],[104.795703,22.911133],[104.740039,22.860498],[104.687305,22.822217],[104.631738,22.818213],[104.577539,22.82002],[104.526855,22.804102],[104.371777,22.704053],[104.29834,22.712012],[104.238281,22.768506],[104.2125,22.809424],[104.143066,22.800146],[104.053906,22.752295],[104.012695,22.666357],[103.99082,22.586133],[103.971387,22.550488],[103.941504,22.540088],[103.915039,22.538232],[103.637305,22.77002],[103.620215,22.782031],[103.570703,22.734424],[103.525391,22.611572],[103.492969,22.587988],[103.470996,22.597412],[103.356055,22.754688],[103.32666,22.769775],[103.300586,22.764404],[103.266309,22.713525],[103.193359,22.638525],[103.137598,22.592969],[103.136328,22.542236],[103.075879,22.49751],[103.005371,22.452979],[102.981934,22.448242],[102.935156,22.466162],[102.874219,22.525391],[102.830078,22.587158],[102.720996,22.648486],[102.598535,22.700391],[102.517188,22.741016],[102.470898,22.750928],[102.42793,22.732812],[102.406445,22.708008],[102.375781,22.646631],[102.302246,22.545996],[102.237012,22.466016],[102.175977,22.414648],[102.127441,22.379199],[102.091504,22.412256],[102.024414,22.439209],[101.94541,22.439404],[101.841797,22.388477],[101.759961,22.490332],[101.73877,22.495264],[101.70752,22.486572],[101.671484,22.462305],[101.646191,22.40542],[101.619922,22.327441],[101.567871,22.276367],[101.524512,22.253662],[101.537305,22.209863],[101.561816,22.162402],[101.560254,22.120898],[101.575781,22.055273],[101.60293,21.989697],[101.699609,21.882471],[101.736523,21.826514],[101.743945,21.777979],[101.747266,21.605762],[101.743457,21.533838],[101.724219,21.39502],[101.722949,21.314941],[101.763086,21.278906],[101.802051,21.235986],[101.800586,21.212598],[101.783496,21.20415],[101.728125,21.156396],[101.704785,21.150146],[101.668555,21.169629],[101.62168,21.184424],[101.583887,21.203564],[101.542383,21.234277],[101.443555,21.230811],[101.281445,21.184131],[101.247852,21.197314],[101.224414,21.22373],[101.211816,21.278223],[101.219922,21.342432],[101.205566,21.383301],[101.175391,21.40752],[101.19668,21.52207],[101.138867,21.56748],[101.147266,21.581641],[101.128125,21.705127],[101.130859,21.735547],[101.120703,21.746094],[101.079785,21.755859],[101.019336,21.736377],[100.835156,21.655176],[100.677148,21.504932],[100.60459,21.471777],[100.531348,21.458105],[100.445703,21.484082],[100.350586,21.501025],[100.214746,21.462988],[100.147656,21.480518],[100.116797,21.511182],[100.089258,21.55791],[100.105762,21.617041],[100.095508,21.660645],[100.041211,21.682764],[99.978223,21.701611],[99.940723,21.75874],[99.925586,21.820801],[99.94043,21.901611],[99.947852,21.98833],[99.917676,22.028027],[99.825391,22.049707],[99.592676,22.08916],[99.388672,22.110791],[99.303125,22.100635],[99.233398,22.110156],[99.192969,22.125977],[99.173438,22.15332],[99.172363,22.19248],[99.205371,22.282568],[99.243066,22.370361],[99.337695,22.498047],[99.343164,22.586523],[99.338281,22.688672],[99.385156,22.825098],[99.466797,22.927295],[99.507129,22.959131],[99.497266,23.00459],[99.464551,23.04624],[99.418066,23.069238],[99.34082,23.095898],[99.220313,23.10332],[99.055078,23.130566],[98.86377,23.19126],[98.885547,23.307471],[98.882617,23.380322],[98.858887,23.440088],[98.819727,23.48252],[98.797852,23.52041],[98.832227,23.624365],[98.787695,23.737842],[98.735059,23.783105],[98.680859,23.841797],[98.676758,23.905078],[98.701563,23.964062],[98.833984,24.090576],[98.835059,24.121191],[98.802344,24.118701],[98.764355,24.116064],[98.583398,24.069824],[98.56416,24.098828],[98.499414,24.115674],[98.367285,24.119043],[98.2125,24.110645],[98.016895,24.06543],[97.837695,23.986279],[97.755664,23.931885],[97.686035,23.898096],[97.629687,23.887158],[97.564551,23.911035],[97.568262,23.988477],[97.690625,24.130811],[97.708203,24.22876],[97.670703,24.312744],[97.666602,24.37998],[97.623633,24.422949],[97.563281,24.443848],[97.531445,24.491699],[97.529395,24.631201],[97.583301,24.774805],[97.670703,24.820117],[97.723828,24.841992],[97.737891,24.869873],[97.710742,24.970361],[97.714941,25.034326],[97.767383,25.158057],[97.819531,25.251855],[97.917969,25.236133],[97.962012,25.259326],[98.010742,25.292529],[98.064063,25.348975],[98.099609,25.415723],[98.142871,25.571094],[98.172559,25.594531],[98.296582,25.568848],[98.333789,25.586768],[98.40166,25.677979],[98.465527,25.788867],[98.558398,25.823242],[98.625391,25.826709],[98.65625,25.863574],[98.654688,25.917773],[98.591016,26.003711],[98.564063,26.072412],[98.571973,26.114062],[98.663184,26.139453],[98.685547,26.189355],[98.671875,26.298535],[98.709473,26.429688],[98.731836,26.583398],[98.739355,26.698145],[98.738477,26.785742],[98.729492,26.877393],[98.716504,27.044922],[98.674805,27.190625],[98.682422,27.245312],[98.676758,27.421924],[98.651172,27.572461],[98.599805,27.598828],[98.504492,27.647656],[98.452539,27.657227],[98.408887,27.639453],[98.392383,27.587061],[98.350488,27.538086],[98.298828,27.550098],[98.274219,27.599072],[98.241016,27.663184],[98.130469,27.967578],[98.118359,28.055225],[98.098926,28.142285],[98.061621,28.185889],[98.022266,28.211523],[97.934082,28.313818],[97.887598,28.356494],[97.864941,28.363574],[97.816504,28.356348],[97.769043,28.356152],[97.730078,28.407129],[97.694629,28.469336],[97.658887,28.5],[97.599219,28.517041],[97.537891,28.510205],[97.502148,28.456348],[97.477734,28.425635],[97.431445,28.353906],[97.356445,28.254492],[97.322461,28.217969],[97.289453,28.236816],[97.145117,28.340332],[97.075391,28.368945],[96.980859,28.337695],[96.833008,28.362402],[96.775781,28.367041],[96.652832,28.449756],[96.602637,28.459912],[96.427734,28.406006],[96.389063,28.36792],[96.366406,28.367285],[96.319824,28.386523],[96.281445,28.412061],[96.278906,28.428174],[96.326172,28.468555],[96.329883,28.496826],[96.327344,28.525391],[96.395605,28.606543],[96.580859,28.763672],[96.55,28.82959],[96.477148,28.959326],[96.46709,29.022266],[96.435742,29.050684],[96.346875,29.027441],[96.162207,28.909717],[96.137109,28.922607],[96.141406,28.963477],[96.122363,29.08208],[96.180859,29.117676],[96.270508,29.16123],[96.339746,29.209814],[96.355859,29.249072],[96.337207,29.260986],[96.234961,29.245801],[96.194727,29.272461],[96.128516,29.381396],[96.07959,29.424121],[96.035352,29.447168],[95.885059,29.390918],[95.710352,29.313818],[95.51582,29.206348],[95.516992,29.151172],[95.49375,29.137012],[95.456543,29.102295],[95.420215,29.054297],[95.389258,29.037402],[95.353125,29.035889],[95.279102,29.049561],[95.144727,29.104053],[94.998828,29.14917],[94.96748,29.144043],[94.769434,29.175879],[94.763086,29.20127],[94.733398,29.251611],[94.677051,29.297021],[94.623047,29.312402],[94.468066,29.216211],[94.293262,29.144629],[94.193457,29.059912],[94.111523,28.975879],[94.017676,28.959521],[94.013281,28.90752],[93.973633,28.860791],[93.902246,28.803223],[93.760742,28.729785],[93.664941,28.690234],[93.360547,28.654053],[93.251953,28.629492],[93.206543,28.59082],[93.157813,28.492725],[93.119238,28.402295],[93.034961,28.327637],[92.881836,28.228125],[92.701855,28.147119],[92.652539,28.093359],[92.643457,28.061523],[92.665625,28.049854],[92.6875,28.025732],[92.687793,27.988965],[92.664355,27.948926],[92.54668,27.879199],[92.480664,27.845947],[92.414844,27.824609],[92.341016,27.820752],[92.270117,27.830225],[92.250488,27.841504],[92.222266,27.826953],[92.157617,27.812256],[92.10127,27.807617],[91.977637,27.730371],[91.909375,27.729687],[91.824707,27.746436],[91.712598,27.759814],[91.631934,27.759961],[91.629395,27.800879],[91.641895,27.923242],[91.605566,27.951709],[91.493359,27.981787],[91.367578,28.021631],[91.306836,28.064014],[91.273047,28.078369],[91.225879,28.07124],[91.149902,28.026758],[91.077734,27.974463],[91.020801,27.970068],[90.9625,27.99458],[90.906641,28.026514],[90.715723,28.071729],[90.630078,28.078564],[90.477344,28.07085],[90.352734,28.080225],[90.333105,28.093994],[90.333789,28.119141],[90.352148,28.168164],[90.362988,28.216504],[90.348242,28.243945],[90.220801,28.277734],[90.104492,28.302051],[89.981055,28.311182],[89.897852,28.294141],[89.816895,28.256299],[89.749805,28.188184],[89.652734,28.158301],[89.536914,28.107422],[89.480664,28.059961],[89.395898,27.958154],[89.272656,27.833154],[89.160449,27.711279],[89.102344,27.592578],[89.025488,27.517871],[88.947559,27.464014],[88.891406,27.316064],[88.83252,27.362842],[88.764844,27.429883],[88.749023,27.521875],[88.829883,27.767383],[88.848828,27.868652],[88.828613,27.907275],[88.803711,28.006934],[88.75625,28.039697],[88.621094,28.091846],[88.57793,28.093359],[88.531641,28.057373],[88.486133,28.034473],[88.425977,28.01167],[88.275195,27.968848],[88.141113,27.948926],[88.108984,27.933008],[88.098926,27.904541],[88.109766,27.870605],[88.02334,27.883398],[87.933398,27.89082],[87.860742,27.886084],[87.682715,27.821387],[87.622559,27.815186],[87.555273,27.821826],[87.46416,27.823828],[87.290723,27.821924],[87.141406,27.83833],[87.020117,27.928662],[86.933789,27.968457],[86.842383,27.99917],[86.750391,28.02207],[86.719629,28.070654],[86.690527,28.094922],[86.614453,28.103027],[86.554492,28.085205],[86.516895,27.963525],[86.484961,27.939551],[86.408691,27.928662],[86.328613,27.959521],[86.217969,28.02207],[86.174219,28.091699],[86.137012,28.114355],[86.078711,28.083594],[86.075488,27.99458],[86.06416,27.934717],[85.994531,27.9104],[85.954102,27.928223],[85.92168,27.989697],[85.840234,28.135352],[85.759473,28.220654],[85.67832,28.277441],[85.410645,28.276025],[85.212109,28.292627],[85.122461,28.315967],[85.088574,28.372266],[85.121484,28.484277],[85.160156,28.571875],[85.159082,28.592236],[85.126367,28.602637],[85.069141,28.609668],[84.855078,28.553613],[84.796875,28.560205],[84.759375,28.579248],[84.714258,28.595557],[84.676758,28.621533],[84.650586,28.65957],[84.46543,28.75293],[84.410742,28.803906],[84.312109,28.868115],[84.228711,28.911768],[84.175586,29.036377],[84.127832,29.156299],[84.101367,29.219971],[84.021973,29.253857],[83.935938,29.279492],[83.79043,29.227441],[83.671094,29.187598],[83.583496,29.183594],[83.456641,29.306348],[83.355176,29.43916],[83.235156,29.55459],[83.155469,29.612646],[83.013965,29.618066],[82.854297,29.683398],[82.64082,29.831201],[82.486523,29.941504],[82.220703,30.063867],[82.158984,30.115186],[82.135352,30.158984],[82.098926,30.245068],[82.043359,30.326758],[81.854883,30.362402],[81.641895,30.3875],[81.417188,30.337598],[81.255078,30.093311],[81.177148,30.039893],[81.110352,30.036816],[81.055566,30.098975],[81.010254,30.164502],[80.985449,30.237109],[80.873535,30.290576],[80.746777,30.3604],[80.682129,30.414844],[80.608887,30.448877],[80.541016,30.463525],[80.40957,30.509473],[80.260938,30.561328],[80.191211,30.568408],[80.18623,30.605322],[80.207129,30.68374],[80.194336,30.759229],[80.149414,30.789844],[80.081445,30.781934],[79.924512,30.88877],[79.918555,30.889893],[79.916602,30.894189],[79.871875,30.924609],[79.794629,30.968262],[79.664258,30.965234],[79.56543,30.949072],[79.493164,30.993701],[79.388477,31.064209],[79.369629,31.079932],[79.33877,31.105713],[79.232617,31.241748],[79.107129,31.402637],[79.04375,31.426221],[79.011133,31.414111],[78.973926,31.328613],[78.945996,31.337207],[78.899512,31.331348],[78.844531,31.301514],[78.791602,31.293652],[78.757812,31.30249],[78.743555,31.323779],[78.758594,31.436572],[78.726758,31.471826],[78.755078,31.550293],[78.80293,31.618066],[78.753906,31.668359],[78.693457,31.740381],[78.687012,31.805518],[78.719727,31.887646],[78.735449,31.957959],[78.725586,31.983789],[78.677734,32.023047],[78.495898,32.215771],[78.486133,32.23623],[78.455273,32.300342],[78.441309,32.397363],[78.41748,32.466699],[78.389648,32.519873],[78.391699,32.544727],[78.4125,32.557715],[78.526367,32.570801],[78.631543,32.578955],[78.700879,32.597021],[78.736719,32.558398],[78.753516,32.499268],[78.771289,32.468066],[78.837891,32.411963],[78.918945,32.358203],[78.997656,32.365137],[79.066992,32.388184],[79.127344,32.475781],[79.169922,32.497217],[79.219336,32.501074],[79.219043,32.507568],[79.216504,32.564014],[79.233887,32.703076],[79.22793,32.758789],[79.205566,32.809033],[79.20957,32.864844],[79.202246,32.946045],[79.145508,33.001465],[79.108594,33.022656],[79.102832,33.052539],[79.12168,33.108105],[79.135156,33.171924],[79.1125,33.22627],[79.066504,33.250391],[79.012598,33.291455],[78.948438,33.346533],[78.916699,33.386768],[78.865039,33.431104],[78.801855,33.499707],[78.789941,33.650342],[78.783789,33.808789],[78.761719,33.887598],[78.72666,34.013379],[78.731738,34.055566],[78.753027,34.087695],[78.931738,34.188965],[78.970605,34.228223],[78.976953,34.258105],[78.970117,34.302637],[78.936426,34.351953],[78.864844,34.390332],[78.763086,34.45293],[78.670801,34.518164],[78.515723,34.557959],[78.326953,34.606396],[78.282031,34.653906],[78.236133,34.769824],[78.158496,34.946484],[78.075781,35.134912],[78.012207,35.251025],[78.00918,35.306934],[78.047461,35.449414],[78.042676,35.479785],[78.009473,35.490234],[77.945898,35.471631],[77.894922,35.449023],[77.851562,35.460791],[77.810938,35.484521],[77.802539,35.492773],[77.799414,35.495898],[77.724023,35.480566],[77.572559,35.471826],[77.52002,35.473437],[77.446484,35.475586],[77.294824,35.508154],[77.090039,35.552051],[76.878906,35.613281],[76.766895,35.661719],[76.727539,35.678662],[76.631836,35.729395],[76.563477,35.772998],[76.55127,35.887061],[76.502051,35.878223],[76.385742,35.837158],[76.25166,35.810937],[76.177832,35.810547],[76.147852,35.829004],[76.10332,35.949219],[76.070898,35.983008],[76.010449,35.996338],[75.945117,36.017578],[75.912305,36.048975],[75.904883,36.088477],[75.934082,36.133936],[75.968652,36.168848],[75.974414,36.382422],[75.951855,36.458105],[75.933008,36.521582],[75.884961,36.600732],[75.840234,36.649707],[75.772168,36.694922],[75.667188,36.741992],[75.57373,36.759326],[75.460254,36.725049],[75.424219,36.738232],[75.376855,36.883691],[75.34668,36.913477],[75.145215,36.973242],[75.053906,36.987158],[74.949121,36.968359],[74.889258,36.952441],[74.841211,36.979102],[74.766016,37.012744],[74.692188,37.035742],[74.600586,37.03667],[74.541406,37.022168],[74.526465,37.030664],[74.497949,37.057227],[74.376172,37.137354],[74.372168,37.157715],[74.558984,37.236621],[74.668945,37.266699],[74.72666,37.290723],[74.738965,37.285645],[74.767383,37.24917],[74.840234,37.225049],[74.891309,37.231641],[74.918164,37.25],[75.008398,37.293555],[75.079004,37.344043],[75.11875,37.385693],[75.097461,37.45127],[74.986426,37.530371],[74.91582,37.572803],[74.894238,37.601416],[74.912305,37.687305],[74.938281,37.77251],[74.921289,37.80498],[74.900293,37.832715],[74.89082,37.925781],[74.84248,38.038086],[74.789648,38.103613],[74.775098,38.191895],[74.77207,38.274756],[74.835938,38.404297],[74.812305,38.460303],[74.74502,38.51001],[74.514063,38.6],[74.277441,38.659766],[74.187305,38.65752],[74.131348,38.661182],[74.065332,38.608496],[74.025586,38.539844],[73.97002,38.533691],[73.869141,38.562891],[73.80166,38.606885],[73.754102,38.698926],[73.716797,38.817236],[73.696094,38.854297],[73.706836,38.88623],[73.72998,38.914697],[73.794531,38.941309],[73.805273,38.968652],[73.795605,39.002148],[73.74375,39.044531],[73.69043,39.104541],[73.607324,39.229199],[73.623145,39.297852],[73.636328,39.39668],[73.631641,39.448877],[73.715723,39.462256],[73.822949,39.488965],[73.872754,39.533301],[73.907129,39.578516],[73.914648,39.606494],[73.88252,39.714551],[73.839746,39.762842],[73.835352,39.800146],[73.85625,39.828662],[73.88457,39.87793],[73.93877,39.978809],[73.991602,40.043115],[74.020508,40.059375],[74.085156,40.074316],[74.242676,40.092041],[74.411914,40.137207],[74.613086,40.272168],[74.679883,40.310596],[74.767773,40.329883],[74.830469,40.328516],[74.841797,40.344971],[74.80127,40.428516],[74.811133,40.458789],[74.835156,40.482617],[74.865625,40.493506],[75.004492,40.449512],[75.111328,40.454102],[75.241016,40.480273],[75.520801,40.627539],[75.555566,40.625195],[75.583496,40.605322],[75.617383,40.516602],[75.655957,40.329248],[75.677148,40.305811],[75.871973,40.303223],[76.004297,40.371436],[76.062305,40.387549],[76.156641,40.376465],[76.206055,40.408398],[76.258301,40.430762],[76.318555,40.352246],[76.396387,40.389795],[76.480176,40.449512],[76.520898,40.51123],[76.57793,40.577881],[76.622168,40.662354],[76.639844,40.742236],[76.661133,40.779639],[76.708398,40.818115],[76.824023,40.982324],[76.907715,41.02417],[76.986621,41.03916],[77.182031,41.010742],[77.283984,41.014355],[77.581738,40.992773],[77.719336,41.024316],[77.815234,41.055615],[77.956445,41.050684],[78.123438,41.075635],[78.346289,41.281445],[78.348828,41.325195],[78.362402,41.371631],[78.442871,41.417529],[78.543164,41.45957],[78.742578,41.560059],[79.148438,41.719141],[79.293555,41.782812],[79.354395,41.781055],[79.503906,41.820996],[79.766113,41.898877],[79.84043,41.995752],[79.909668,42.01499],[80.216211,42.032422],[80.235156,42.043457],[80.246191,42.059814],[80.229199,42.129834],[80.209375,42.190039],[80.233008,42.207812],[80.259082,42.2354],[80.255078,42.27417],[80.205762,42.399414],[80.179297,42.518359],[80.161914,42.625537],[80.165039,42.665527],[80.202246,42.734473],[80.250293,42.797266],[80.424023,42.855762],[80.538965,42.873486],[80.54375,42.911719],[80.450684,42.935547],[80.383398,42.973779],[80.371289,42.995605],[80.374512,43.02041],[80.390234,43.043115],[80.507031,43.085791],[80.616992,43.128271],[80.751172,43.10249],[80.777734,43.118945],[80.785742,43.161572],[80.757031,43.204346],[80.729785,43.274268],[80.667773,43.310059],[80.66543,43.352979],[80.703809,43.427051],[80.650781,43.56416],[80.593457,43.685107],[80.495996,43.89209],[80.431543,43.951758],[80.395801,44.047168],[80.355273,44.097266],[80.358984,44.171289],[80.365332,44.223291],[80.354883,44.326514],[80.336328,44.438379],[80.355078,44.552002],[80.391016,44.626807],[80.381445,44.65542],[80.400586,44.676904],[80.455469,44.684082],[80.481543,44.714648],[80.455469,44.746094],[80.36084,44.770312],[80.255078,44.808105],[80.127832,44.80376],[79.997168,44.797217],[79.932129,44.825195],[79.875293,44.86084],[79.871875,44.883789],[79.950195,44.944092],[80.05918,45.006445],[80.228223,45.033984],[80.414941,45.075098],[80.50918,45.10498],[80.634766,45.126514],[80.780078,45.135547],[80.85332,45.129297],[81.040332,45.169141],[81.334766,45.246191],[81.602051,45.31084],[81.691992,45.349365],[81.758887,45.31084],[81.789648,45.226025],[81.86748,45.18208],[81.944922,45.16084],[81.989258,45.161865],[82.122754,45.194873],[82.266602,45.219092],[82.323438,45.205859],[82.39668,45.162451],[82.478711,45.123584],[82.521484,45.125488],[82.558984,45.15542],[82.596973,45.215967],[82.621094,45.293115],[82.625781,45.374414],[82.611621,45.424268],[82.58252,45.442578],[82.45166,45.471973],[82.32666,45.519922],[82.312207,45.563721],[82.315234,45.594922],[82.348145,45.671533],[82.429688,45.811914],[82.511719,46.005811],[82.555078,46.158691],[82.692187,46.38667],[82.8,46.624463],[82.974902,46.966016],[83.004102,47.033496],[83.020117,47.141455],[83.029492,47.185937],[83.090332,47.209375],[83.193066,47.186572],[83.443555,47.108643],[83.634082,47.043213],[83.713965,47.021045],[83.832617,46.997852],[84.016016,46.970508],[84.12207,46.978613],[84.215137,46.994727],[84.338867,46.996143],[84.532422,46.975781],[84.592285,46.974951],[84.666602,46.972363],[84.719531,46.939355],[84.745996,46.864355],[84.786133,46.830713],[84.858203,46.843164],[85.012207,46.909229],[85.110547,46.96123],[85.233496,47.036377],[85.355371,47.046729],[85.484766,47.063525],[85.529688,47.100781],[85.577246,47.188477],[85.656641,47.254639],[85.669824,47.338379],[85.641797,47.397412],[85.586621,47.493652],[85.588281,47.558496],[85.561621,47.746484],[85.525977,47.915625],[85.562305,48.051855],[85.626367,48.204004],[85.651563,48.250537],[85.692187,48.311816],[85.749414,48.385059],[85.829883,48.408057],[86.056152,48.42373],[86.265625,48.454541],[86.372559,48.48623],[86.483301,48.505371],[86.549414,48.528613],[86.66377,48.635547],[86.717969,48.697168],[86.757812,48.860742],[86.728613,48.939355],[86.753125,49.008838],[86.808301,49.049707],[86.885938,49.090576],[86.937988,49.097559],[87.048535,49.109912],[87.22998,49.105859],[87.322852,49.085791],[87.416699,49.076611],[87.476172,49.091455],[87.51582,49.122412],[87.576563,49.132373],[87.668359,49.147217],[87.7625,49.16582],[87.814258,49.162305],[87.825195,49.116309],[87.816309,49.080273],[87.834668,49.031934],[87.872168,49.000146],[87.859863,48.965527],[87.806836,48.945508],[87.754687,48.918555],[87.743164,48.881641],[87.80918,48.835742],[87.831836,48.79165],[87.942187,48.765283],[88.02793,48.735596],[88.060059,48.707178],[88.050195,48.675049],[88.010645,48.64043],[87.972266,48.60332],[87.967383,48.581055],[87.979688,48.555127],[88.062598,48.537842],[88.158203,48.509082],[88.309961,48.47207],[88.413965,48.403418],[88.51709,48.384473],[88.566797,48.317432],[88.575977,48.220166],[88.681836,48.170557],[88.838281,48.101709],[88.917773,48.089014],[88.971094,48.049951],[89.047656,48.002539],[89.115625,47.987695],[89.196289,47.980908],[89.329883,48.024854],[89.479199,48.029053],[89.560938,48.003955],[89.638477,47.909082],[89.693164,47.87915],[89.725586,47.85249],[89.778125,47.827002],[89.831348,47.823291],[89.910449,47.844336],[89.958691,47.886328],[90.02793,47.877686],[90.053906,47.850488],[90.066602,47.803564],[90.103223,47.74541],[90.191016,47.7021],[90.313281,47.676172],[90.330664,47.655176],[90.347461,47.596973],[90.380664,47.556641],[90.425195,47.504102],[90.46748,47.408154],[90.476465,47.328809],[90.496191,47.285156],[90.55293,47.214014],[90.643359,47.100293],[90.715527,47.003857],[90.799023,46.985156],[90.869922,46.954492],[90.910547,46.883252],[90.985742,46.749023],[90.997852,46.661084],[91.004297,46.595752],[91.028906,46.566064],[91.033887,46.529004],[90.971484,46.387988],[90.918262,46.324268],[90.911523,46.270654],[90.947559,46.177295],[90.996777,46.10498],[91.001758,46.035791],[90.959766,45.985059],[90.887109,45.921631],[90.852441,45.8854],[90.795898,45.853516],[90.709668,45.730811],[90.670703,45.595166],[90.661816,45.525244],[90.694434,45.474658],[90.749609,45.418945],[90.763184,45.370654],[90.853223,45.262891],[90.877246,45.196094],[90.913965,45.193945],[90.953613,45.215918],[91.05,45.217432],[91.137695,45.193945],[91.221777,45.144531],[91.312109,45.118115],[91.441016,45.124756],[91.510059,45.098242],[91.584375,45.076514],[91.737793,45.068945],[91.852832,45.069336],[92.029785,45.068506],[92.172656,45.035254],[92.423828,45.008936],[92.578906,45.010986],[92.787891,45.035742],[92.916016,45.020166],[93.294336,44.983154],[93.516211,44.944482],[93.656445,44.900977],[93.755273,44.831934],[93.868164,44.724219],[93.95791,44.674951],[94.199316,44.645166],[94.364746,44.519482],[94.494336,44.47251],[94.712012,44.35083],[94.866016,44.30332],[95.049805,44.259424],[95.350293,44.278076],[95.366797,44.261523],[95.343652,44.19541],[95.325586,44.104883],[95.325586,44.039355],[95.356445,44.005957],[95.471289,43.986182],[95.525586,43.953955],[95.567187,43.892236],[95.591211,43.853613],[95.687305,43.664062],[95.841992,43.383691],[95.85957,43.275977],[95.9125,43.206494],[96.080273,43.096143],[96.168457,43.014502],[96.299512,42.928711],[96.34248,42.849316],[96.352344,42.746777],[96.385449,42.720361],[96.625293,42.743848],[96.833008,42.760254],[97.205664,42.789795],[97.718945,42.736279],[98.248242,42.684521],[98.716309,42.638721],[98.946875,42.616211],[99.467871,42.568213],[99.757422,42.629443],[99.983789,42.677344],[100.086328,42.670752],[100.519043,42.616797],[100.772559,42.587793],[101.091992,42.551318],[101.31377,42.537891],[101.495313,42.53877],[101.579102,42.523535],[101.659961,42.500049],[101.713867,42.46582],[101.879883,42.292334],[101.972949,42.215869],[102.156641,42.158105],[102.575195,42.09209],[102.806836,42.052002],[103.072852,42.005957],[103.247852,41.936572],[103.449707,41.855859],[103.711133,41.751318],[103.997266,41.796973],[104.305176,41.846143],[104.498242,41.877002],[104.498242,41.658691],[104.773633,41.641162],[104.860352,41.64375],[104.982031,41.595508],[105.050586,41.615918],[105.11543,41.663281],[105.19707,41.738037],[105.314355,41.770898],[105.51709,41.854736],[105.566406,41.875098],[105.867578,41.993994],[106.317187,42.140576],[106.51875,42.211572],[106.579102,42.227344],[106.693164,42.263574],[106.77002,42.288721],[106.906055,42.308887],[107.090723,42.321533],[107.292383,42.349268],[107.74873,42.400977],[107.805957,42.405859],[108.062305,42.427197],[108.171191,42.447314],[108.333984,42.436768],[108.546484,42.429297],[108.687305,42.416113],[108.874512,42.426465],[109.131641,42.440576],[109.339844,42.438379],[109.443164,42.455957],[109.595508,42.510547],[109.698047,42.553809],[109.858789,42.60625],[110.058008,42.660596],[110.196875,42.71001],[110.288867,42.742725],[110.400391,42.773682],[110.42959,42.813574],[110.461719,42.844141],[110.520898,42.895264],[110.627539,42.990527],[110.708594,43.073877],[110.748535,43.110791],[110.839551,43.194092],[110.913281,43.256885],[111.007227,43.341406],[111.086523,43.36875],[111.186816,43.391992],[111.451074,43.474902],[111.503516,43.492773],[111.547363,43.496289],[111.64082,43.563184],[111.719727,43.621143],[111.771094,43.6646],[111.878125,43.680176],[111.933203,43.711426],[111.942871,43.752441],[111.931738,43.814941],[111.880273,43.878906],[111.836914,43.934668],[111.683789,44.041113],[111.602637,44.107129],[111.519727,44.191895],[111.48623,44.271631],[111.42959,44.322363],[111.402246,44.367285],[111.410937,44.419189],[111.489453,44.511572],[111.514746,44.569824],[111.547461,44.6729],[111.621289,44.827148],[111.681445,44.89917],[111.751074,44.969531],[111.898047,45.064062],[112.032617,45.081641],[112.112891,45.062939],[112.29209,45.063037],[112.411328,45.058203],[112.499316,45.010937],[112.596777,44.917676],[112.706738,44.883447],[113.049414,44.810352],[113.196094,44.794824],[113.300977,44.79165],[113.455664,44.767432],[113.50791,44.762354],[113.587012,44.745703],[113.652637,44.763477],[113.752148,44.825928],[113.877051,44.896191],[113.930859,44.912305],[114.030273,44.942578],[114.080273,44.971143],[114.167383,45.049854],[114.281055,45.110889],[114.419141,45.202588],[114.487305,45.271729],[114.502246,45.316309],[114.517188,45.3646],[114.560156,45.38999],[114.644336,45.413281],[114.73877,45.419629],[114.919238,45.378271],[115.162598,45.390234],[115.21748,45.396191],[115.439453,45.419971],[115.539453,45.439502],[115.681055,45.458252],[115.78916,45.534814],[115.93418,45.626172],[116.039551,45.676953],[116.109863,45.686719],[116.197656,45.739355],[116.240625,45.795996],[116.229102,45.845752],[116.212988,45.886914],[116.264551,45.963037],[116.357617,46.096582],[116.444824,46.158789],[116.516699,46.209082],[116.562598,46.289795],[116.619336,46.313086],[116.688867,46.321973],[116.787012,46.37666],[116.859082,46.387939],[116.978809,46.361768],[117.155957,46.355078],[117.269043,46.352246],[117.333398,46.362012],[117.356934,46.391309],[117.356348,46.43667],[117.392188,46.537598],[117.405566,46.570898],[117.438086,46.58623],[117.546875,46.588281],[117.620508,46.552002],[117.671094,46.52207],[117.741211,46.518164],[117.813477,46.537695],[117.910449,46.619336],[118.071289,46.666602],[118.156836,46.678564],[118.308691,46.717041],[118.404395,46.703174],[118.580469,46.691895],[118.64873,46.70166],[118.722949,46.691895],[118.790332,46.74707],[118.843945,46.760205],[118.957129,46.734863],[119.028516,46.692187],[119.162109,46.638672],[119.331836,46.613818],[119.474023,46.62666],[119.620215,46.603955],[119.706641,46.606006],[119.747461,46.627197],[119.867188,46.672168],[119.895898,46.732861],[119.88418,46.791455],[119.897852,46.857812],[119.862695,46.906592],[119.788477,46.978809],[119.759863,47.027002],[119.757227,47.090039],[119.711133,47.15],[119.600195,47.222461],[119.526953,47.255908],[119.37666,47.380859],[119.325977,47.410156],[119.308594,47.430713],[119.29082,47.472656],[119.235254,47.492578],[119.162402,47.525195],[119.122949,47.558496],[119.097266,47.61626],[119.081934,47.65415],[119.017578,47.685352],[118.953125,47.70293],[118.880273,47.725098],[118.759961,47.757617],[118.690527,47.822266],[118.567773,47.943262],[118.498438,47.983984],[118.239648,47.999512],[118.14707,48.028906],[118.041895,48.018945],[117.979199,47.999609],[117.84043,47.999854],[117.768359,47.987891],[117.67666,47.908301],[117.555371,47.804688],[117.455078,47.741357],[117.383984,47.675732],[117.350781,47.652197],[117.285937,47.666357],[117.19707,47.740283],[117.069727,47.806396],[116.95166,47.836572],[116.901172,47.853076],[116.760547,47.869775],[116.651953,47.864502],[116.513477,47.839551],[116.378223,47.844043],[116.317187,47.859863],[116.231152,47.858203],[116.074805,47.789551],[115.993848,47.711328],[115.898242,47.686914],[115.811719,47.738232],[115.711719,47.798926],[115.616406,47.874805],[115.557617,47.94502],[115.525098,48.130859],[115.639453,48.18623],[115.785547,48.248242],[115.796582,48.346338],[115.791699,48.455713],[115.820508,48.577246],[115.953809,48.689355],[116.025488,48.782275],[116.034375,48.840039],[116.098242,48.936133],[116.159668,49.037451],[116.243359,49.170361],[116.402148,49.406201],[116.589746,49.684814],[116.683301,49.823779],[116.888965,49.737793],[117.02168,49.692969],[117.245605,49.624854],[117.477148,49.609424],[117.698438,49.53584],[117.812598,49.513525],[117.873438,49.513477],[118.186621,49.692773],[118.451563,49.844482],[118.755957,49.962842],[118.979492,49.978857],[119.147461,50.013379],[119.259863,50.066406],[119.326074,50.154932],[119.346289,50.278955],[119.301562,50.353906],[119.191895,50.379834],[119.163672,50.406006],[119.216699,50.43252],[119.255859,50.48418],[119.280664,50.560986],[119.344043,50.633887],[119.445703,50.702832],[119.501758,50.779248],[119.512305,50.863135],[119.573438,50.946777],[119.684961,51.030127],[119.745996,51.107715],[119.756641,51.179492],[119.813184,51.267041],[119.966992,51.422119],[120.066895,51.600684],[120.237012,51.722998],[120.510547,51.848535],[120.681445,51.973047],[120.749805,52.096533],[120.744531,52.205469],[120.66543,52.299902],[120.650391,52.395898],[120.699219,52.493604],[120.656152,52.56665],[120.521094,52.615039],[120.360059,52.627002],[120.172754,52.60249],[120.067578,52.63291],[120.044336,52.718213],[120.094531,52.787207],[120.218164,52.839893],[120.421289,52.968066],[120.704102,53.171826],[120.985449,53.28457],[121.405469,53.317041],[121.743945,53.383594],[122.088867,53.451465],[122.337793,53.48501],[122.380176,53.4625],[122.51582,53.456982],[122.744727,53.468506],[122.957617,53.497705],[123.154102,53.54458],[123.30957,53.555615],[123.424023,53.530762],[123.489453,53.529443],[123.534766,53.526465],[123.559766,53.52666],[123.607813,53.546533],[123.740918,53.510986],[123.994727,53.405615],[124.154297,53.358691],[124.219922,53.370117],[124.291406,53.340869],[124.369141,53.270947],[124.465918,53.229639],[124.639844,53.210645],[124.812305,53.133838],[124.882129,53.129736],[124.906641,53.172656],[124.970898,53.197314],[125.075,53.203662],[125.225586,53.16582],[125.422461,53.08374],[125.545996,53.047607],[125.595996,53.057471],[125.649023,53.042285],[125.691699,53.003711],[125.695312,52.956299],[125.680762,52.930811],[125.728125,52.890723],[125.782813,52.890723],[125.871875,52.871533],[125.941602,52.800684],[126.004297,52.767871],[126.048145,52.739453],[126.056055,52.715869],[126.060156,52.691992],[126.04707,52.673486],[126.023242,52.643018],[126.016016,52.610205],[126.045898,52.57334],[126.156641,52.546631],[126.194434,52.519141],[126.20293,52.483838],[126.237598,52.444824],[126.312891,52.399756],[126.341699,52.362012],[126.324219,52.331641],[126.346289,52.30625],[126.383496,52.286523],[126.391504,52.214502],[126.394824,52.172998],[126.455566,52.126465],[126.468066,52.031299],[126.510547,51.92583],[126.653711,51.781299],[126.700781,51.703027],[126.688672,51.609912],[126.70918,51.566309],[126.774512,51.545068],[126.805469,51.505664],[126.801758,51.448047],[126.827344,51.412256],[126.847754,51.37417],[126.833789,51.314893],[126.854395,51.261377],[126.887695,51.230127],[126.911523,51.172314],[126.924805,51.100146],[127.02041,50.985889],[127.198242,50.829443],[127.307031,50.707959],[127.346875,50.621338],[127.347168,50.550098],[127.308203,50.494189],[127.306055,50.453516],[127.34082,50.428076],[127.351172,50.393604],[127.337207,50.350146],[127.395313,50.298584],[127.590234,50.208984],[127.512305,50.07168],[127.491797,49.975049],[127.502441,49.873437],[127.550781,49.801807],[127.636719,49.760205],[127.690137,49.716748],[127.711133,49.671533],[127.814258,49.622119],[127.999609,49.568604],[128.237109,49.559277],[128.526758,49.594238],[128.704004,49.600146],[128.769043,49.576953],[128.791016,49.541846],[128.770313,49.494727],[128.819336,49.46377],[128.938281,49.448926],[129.020313,49.419238],[129.065137,49.374658],[129.120117,49.362061],[129.185156,49.381396],[129.248438,49.378662],[129.309863,49.353857],[129.350098,49.362354],[129.384668,49.389453],[129.440723,49.389453],[129.498145,49.388818],[129.533691,49.323437],[129.591406,49.28667],[129.671094,49.278516],[129.792578,49.198877],[130.037109,48.972266],[130.195996,48.89165],[130.355273,48.866357],[130.553125,48.861182],[130.617188,48.773193],[130.565625,48.680127],[130.552148,48.60249],[130.597266,48.574658],[130.65918,48.483398],[130.746875,48.430371],[130.763477,48.388428],[130.804297,48.341504],[130.787207,48.25459],[130.712109,48.127637],[130.732617,48.019238],[130.848633,47.929443],[130.91543,47.84292],[130.932813,47.759814],[130.961914,47.709326],[131.002734,47.691455],[131.121875,47.697656],[131.319336,47.727832],[131.464258,47.722607],[131.556738,47.682031],[131.785254,47.680518],[132.149805,47.717969],[132.380176,47.729492],[132.47627,47.71499],[132.561914,47.768506],[132.636914,47.890088],[132.707227,47.947266],[132.772852,47.940088],[132.877148,47.979102],[133.020117,48.064404],[133.144043,48.105664],[133.301172,48.101514],[133.468359,48.097168],[133.573242,48.133008],[133.671777,48.207715],[133.842188,48.27373],[134.205859,48.359912],[134.293359,48.373437],[134.334961,48.368848],[134.456152,48.355322],[134.563574,48.321729],[134.665234,48.253906],[134.680859,48.210449],[134.669336,48.15332],[134.647266,48.120166],[134.605371,48.08291],[134.566016,48.02251],[134.591309,47.975195],[134.650293,47.874268],[134.698633,47.801416],[134.752344,47.71543],[134.728125,47.684473],[134.695801,47.624854],[134.596191,47.523877],[134.541895,47.485156],[134.483496,47.447363],[134.38252,47.438232],[134.339453,47.429492],[134.29082,47.413574],[134.260059,47.377734],[134.225195,47.352637],[134.167676,47.302197],[134.162988,47.25874],[134.189258,47.194238],[134.202148,47.128076],[134.136914,47.068994],[134.086426,46.978125],[134.071387,46.950781],[134.045996,46.881982],[134.038574,46.858154],[134.022656,46.713184],[133.95752,46.614258],[133.866602,46.499121],[133.886719,46.430566],[133.902734,46.366943],[133.880273,46.336035],[133.874805,46.309082],[133.861328,46.247754],[133.832813,46.224268],[133.750195,46.185937],[133.700684,46.139746],[133.711133,46.069629],[133.685742,46.008936],[133.647852,45.955225],[133.608008,45.920312],[133.551172,45.897803],[133.513086,45.878809],[133.484668,45.810449],[133.475781,45.757666],[133.449121,45.705078],[133.465625,45.651221],[133.436426,45.604687],[133.355469,45.572217],[133.30957,45.553076],[133.266992,45.545264],[133.186035,45.494824],[133.113379,45.321436],[133.096875,45.220459],[133.113477,45.130713],[133.011719,45.074561],[132.936035,45.029932],[132.88877,45.046045],[132.838672,45.061133],[132.723145,45.080566],[132.665625,45.093701],[132.549023,45.122803],[132.362988,45.159961],[132.181348,45.203271],[132.067383,45.225977],[131.977539,45.243994],[131.909277,45.27373],[131.851855,45.326855],[131.794922,45.305273],[131.74209,45.242627],[131.654004,45.205371],[131.613965,45.136572],[131.578711,45.083643],[131.4875,45.013135],[131.446875,44.984033],[131.268262,44.936133],[131.22793,44.920166],[131.082324,44.91001],[131.033008,44.888867],[130.981641,44.844336],[130.967773,44.799951],[131.003906,44.753223],[131.060645,44.659668],[131.086914,44.595654],[131.125781,44.469189],[131.255273,44.071582],[131.213281,44.00293],[131.174219,43.704736],[131.183594,43.650879],[131.180078,43.56709],[131.182422,43.505566],[131.20918,43.49043],[131.243945,43.469043],[131.261816,43.433057],[131.257324,43.378076],[131.239355,43.337646],[131.211914,43.257764],[131.175586,43.142187],[131.135547,43.097607],[131.108984,43.062451],[131.086133,43.038086],[131.083496,42.956299],[131.068555,42.902246],[131.005566,42.883105],[130.942871,42.851758],[130.868555,42.86333],[130.80332,42.856836],[130.722461,42.83584],[130.577246,42.811621],[130.492969,42.779102],[130.452734,42.75542],[130.424805,42.727051],[130.419922,42.699854],[130.439258,42.685547],[130.520605,42.674316],[130.576563,42.623242],[130.584473,42.567334],[130.526953,42.5354],[130.498242,42.570508],[130.450293,42.581689],[130.360742,42.630859],[130.295605,42.684961],[130.24668,42.744824],[130.248828,42.872607],[130.240332,42.891797],[130.15127,42.917969],[130.124805,42.956006],[130.082617,42.97417],[130.022266,42.962598],[129.976953,42.974854],[129.941211,42.995654],[129.898242,42.998145],[129.861035,42.965088],[129.841504,42.894238],[129.779199,42.776562],[129.773438,42.705469],[129.746484,42.603809],[129.719727,42.475],[129.697852,42.448145],[129.62793,42.444287],[129.603906,42.435889],[129.567578,42.39209],[129.52373,42.384668],[129.484863,42.410303],[129.423633,42.435889],[129.36582,42.439209],[129.313672,42.413574],[129.252539,42.357861],[129.217773,42.312695],[129.205371,42.270557],[129.195508,42.218457],[129.133691,42.168506],[129.077246,42.142383],[128.960645,42.068799],[128.923438,42.038232],[128.839844,42.037842],[128.749023,42.040674],[128.626758,42.02085],[128.427246,42.010742],[128.307813,42.025635],[128.160156,42.011621],[128.045215,41.9875],[128.028711,41.951611],[128.03291,41.898486],[128.056055,41.86377],[128.08418,41.840576],[128.131934,41.769141],[128.181738,41.700049],[128.257812,41.655371],[128.289258,41.607422],[128.290918,41.562793],[128.254883,41.506543],[128.200293,41.433008],[128.149414,41.387744],[128.11123,41.389258],[128.052734,41.415625],[128.013086,41.448682],[127.918652,41.461133],[127.687695,41.43999],[127.572168,41.454736],[127.516992,41.481738],[127.420313,41.483789],[127.270801,41.519824],[127.179688,41.531348],[127.136719,41.554541],[127.128418,41.607422],[127.085352,41.643799],[127.061328,41.687354],[127.006934,41.742041],[126.954785,41.769482],[126.903516,41.781055],[126.847266,41.747998],[126.787695,41.718213],[126.743066,41.724854],[126.721582,41.716553],[126.696973,41.691895],[126.60127,41.640967],[126.57832,41.594336],[126.540137,41.495557],[126.513574,41.393994],[126.49043,41.358057],[126.451465,41.351855],[126.411816,41.321338],[126.328711,41.225684],[126.253613,41.137793],[126.144531,41.078271],[126.093164,41.023682],[126.066797,40.974072],[125.989062,40.904639],[125.874902,40.892236],[125.783984,40.872021],[125.72832,40.866699],[125.688281,40.838672],[125.65918,40.795898],[125.645117,40.778955],[125.593848,40.778955],[125.542578,40.742578],[125.416895,40.659912],[125.314453,40.644629],[125.185938,40.589404],[125.072949,40.547461],[125.025977,40.523877],[125.013379,40.497852],[124.996875,40.464746],[124.942285,40.458154],[124.889355,40.459814],[124.771973,40.38374],[124.712402,40.319238],[124.481055,40.181641],[124.386621,40.104248],[124.362109,40.004053],[124.35,40.011572],[124.26748,39.92417],[124.105762,39.841016],[123.760156,39.822412],[123.650879,39.881592],[123.61123,39.84082],[123.580664,39.786133],[123.490039,39.767871],[123.348145,39.762939],[123.268945,39.726904],[123.226562,39.686621],[123.032227,39.673535],[122.960938,39.619922],[122.840039,39.60083],[122.334863,39.366113],[122.225,39.267334],[122.120898,39.151904],[122.047656,39.093799],[121.982324,39.053174],[121.922656,39.036523],[121.864355,38.996484],[121.805176,38.991406],[121.744824,39.009668],[121.677246,39.003418],[121.632812,38.954834],[121.67041,38.891797],[121.649902,38.865088],[121.517188,38.830762],[121.320117,38.808203],[121.236328,38.766943],[121.207422,38.743506],[121.163574,38.731641],[121.12168,38.813281],[121.106738,38.920801],[121.188281,38.94668],[121.263281,38.960254],[121.679883,39.108691],[121.627637,39.220166],[121.664551,39.26875],[121.757812,39.347559],[121.818457,39.386523],[121.785449,39.40083],[121.5125,39.374854],[121.355664,39.376807],[121.275488,39.384766],[121.299805,39.452197],[121.286328,39.519434],[121.26748,39.544678],[121.406445,39.62124],[121.469531,39.640137],[121.517578,39.638965],[121.514258,39.685254],[121.474219,39.754883],[121.517383,39.844824],[121.800977,39.950537],[121.868945,40.046387],[121.982813,40.13584],[122.190918,40.358252],[122.20332,40.396045],[122.263867,40.500195],[122.275,40.541846],[122.178711,40.602734],[122.14043,40.688184],[121.858789,40.84209],[121.834863,40.974268],[121.808594,40.968506],[121.765625,40.875879],[121.729297,40.846143],[121.598926,40.843408],[121.537109,40.878418],[121.174512,40.90127],[121.085938,40.841602],[121.00293,40.749121],[120.922266,40.683105],[120.841309,40.649219],[120.770703,40.589062],[120.479102,40.230957],[120.368945,40.203857],[119.850391,39.987451],[119.591113,39.902637],[119.391113,39.75249],[119.322363,39.661621],[119.261328,39.560889],[119.224609,39.408057],[119.040137,39.222363],[118.976953,39.182568],[118.912305,39.166406],[118.826465,39.172119],[118.752441,39.160498],[118.626367,39.176855],[118.471973,39.118018],[118.297852,39.06709],[118.147852,39.195068],[118.040918,39.226758],[117.865723,39.19126],[117.784668,39.134473],[117.616699,38.852881],[117.553809,38.691455],[117.557813,38.625146],[117.656055,38.424219],[117.766699,38.31167],[118.014941,38.183398],[118.543262,38.094922],[118.66709,38.126367],[118.8,38.12666],[118.940039,38.042773],[119.027539,37.904004],[119.035645,37.80918],[119.038477,37.776514],[119.070312,37.748584],[119.08916,37.700732],[119.033496,37.661035],[118.99082,37.641357],[118.954883,37.494092],[118.952637,37.331152],[118.998145,37.2771],[119.111816,37.201172],[119.287402,37.138281],[119.449902,37.124756],[119.760547,37.155078],[119.8875,37.253369],[119.87998,37.295801],[119.88291,37.35083],[120.155859,37.49502],[120.311523,37.622705],[120.287109,37.656494],[120.257227,37.679004],[120.284668,37.69209],[120.370117,37.701025],[120.75,37.833936],[121.049023,37.725195],[121.219531,37.600146],[121.388086,37.578955],[121.505273,37.515039],[121.640234,37.460352],[121.816406,37.456641],[121.964844,37.445312],[122.010156,37.495752],[122.056641,37.528906],[122.10957,37.522314],[122.169141,37.456152],[122.337695,37.405273],[122.493262,37.407959],[122.602344,37.426416],[122.666992,37.402832],[122.57334,37.31792],[122.587305,37.181104],[122.515527,37.137842],[122.44668,37.068115],[122.487402,37.022266],[122.523438,37.002637],[122.519727,36.946826],[122.457031,36.915137],[122.340918,36.832227],[122.274219,36.833838],[122.242285,36.849854],[122.219727,36.879541],[122.203223,36.927197],[122.162402,36.958643],[122.049512,36.970752],[121.932715,36.959473],[121.669629,36.836377],[121.413086,36.738379],[121.144043,36.660449],[121.053809,36.611377],[120.989941,36.597949],[120.878516,36.635156],[120.81084,36.632812],[120.79668,36.607227],[120.882617,36.538916],[120.90498,36.485303],[120.895801,36.444141],[120.84707,36.426074],[120.776172,36.456299],[120.711523,36.413281],[120.682227,36.340723],[120.680957,36.168359],[120.637891,36.129932],[120.519336,36.108691],[120.393066,36.053857],[120.348242,36.079199],[120.330273,36.110107],[120.343457,36.189453],[120.327734,36.228174],[120.270117,36.226172],[120.183301,36.202441],[120.116992,36.150293],[120.094141,36.118896],[120.181445,36.01748],[120.264746,36.007227],[120.284766,35.984424],[120.219043,35.934912],[120.054688,35.861133],[120.027441,35.799365],[119.978711,35.740234],[119.911719,35.693213],[119.866211,35.643652],[119.810547,35.617725],[119.719727,35.588721],[119.608398,35.469873],[119.526465,35.358594],[119.429688,35.301416],[119.352832,35.113818],[119.21582,35.011768],[119.165332,34.848828],[119.200977,34.748437],[119.351367,34.749414],[119.426758,34.71416],[119.58291,34.582227],[119.769727,34.496191],[119.963672,34.447803],[120.201465,34.325684],[120.266699,34.274023],[120.322656,34.168994],[120.425684,33.866309],[120.499805,33.716455],[120.504785,33.638184],[120.615625,33.490527],[120.734473,33.236621],[120.871094,33.016504],[120.897363,32.843213],[120.853027,32.764111],[120.853223,32.661377],[120.989941,32.567041],[121.293359,32.457324],[121.341699,32.425049],[121.400977,32.371924],[121.403906,32.20625],[121.450781,32.15332],[121.490527,32.121094],[121.674219,32.051025],[121.751074,31.992871],[121.832422,31.899756],[121.856348,31.816455],[121.866309,31.703564],[121.763574,31.699512],[121.680859,31.712158],[121.351953,31.858789],[121.266406,31.862695],[121.145801,31.842334],[120.973535,31.869385],[120.791699,32.031738],[120.660547,32.081055],[120.520117,32.105859],[120.184082,31.966162],[120.09873,31.975977],[120.073926,31.960254],[120.035937,31.936279],[120.191602,31.906348],[120.347461,31.9521],[120.497168,32.019824],[120.715527,31.98374],[120.752246,31.922852],[120.787793,31.819775],[120.9375,31.750195],[121.055371,31.719434],[121.204883,31.628076],[121.350977,31.485352],[121.660645,31.319727],[121.785937,31.162891],[121.834473,31.061621],[121.87793,30.916992],[121.769434,30.870361],[121.675195,30.86377],[121.527539,30.840967],[121.418945,30.789795],[121.309961,30.699707],[120.997656,30.558252],[120.938281,30.469727],[120.897461,30.392627],[120.821484,30.354639],[120.62998,30.390869],[120.449805,30.387842],[120.245508,30.283545],[120.194629,30.241309],[120.228516,30.249561],[120.260547,30.263037],[120.352539,30.247412],[120.494531,30.303076],[120.633398,30.133154],[120.904492,30.160645],[121.159375,30.301758],[121.258008,30.304102],[121.340625,30.282373],[121.432715,30.22666],[121.67793,29.979102],[121.812305,29.952148],[121.944336,29.894092],[122.017285,29.887695],[122.08291,29.870361],[121.905762,29.779687],[121.676562,29.583789],[121.574609,29.537012],[121.50625,29.48457],[121.69043,29.510986],[121.821875,29.604639],[121.887988,29.627783],[121.941211,29.605908],[121.968359,29.490625],[121.917773,29.13501],[121.853516,29.128906],[121.79082,29.225684],[121.71748,29.256348],[121.655957,29.236133],[121.533691,29.236719],[121.487109,29.193164],[121.447656,29.131348],[121.520898,29.118457],[121.664941,29.010596],[121.679688,28.953125],[121.641016,28.915918],[121.540039,28.931885],[121.6625,28.851416],[121.630078,28.76792],[121.590332,28.734814],[121.519141,28.713672],[121.475195,28.641406],[121.538086,28.521094],[121.602051,28.366602],[121.609961,28.292139],[121.509961,28.324268],[121.35459,28.229883],[121.272266,28.222119],[121.216797,28.346191],[121.145703,28.32666],[121.098437,28.290527],[121.035449,28.157275],[120.958594,28.037012],[120.89248,28.003906],[120.812988,28.013379],[120.747656,28.009961],[120.763477,27.977441],[120.833008,27.937793],[120.833008,27.891455],[120.685156,27.74458],[120.661328,27.687891],[120.664844,27.639453],[120.5875,27.580762],[120.629102,27.482129],[120.60752,27.412402],[120.539844,27.318359],[120.468652,27.25625],[120.38457,27.155518],[120.278711,27.09707],[120.138574,26.886133],[120.097461,26.780664],[120.086719,26.671582],[120.042969,26.633838],[119.967773,26.586377],[119.882227,26.610449],[119.879492,26.683008],[119.842383,26.689307],[119.821289,26.736914],[119.815137,26.797607],[119.824219,26.846387],[119.788672,26.831494],[119.766699,26.774707],[119.710449,26.728662],[119.651563,26.747266],[119.588184,26.784961],[119.589941,26.730469],[119.623633,26.675879],[119.638184,26.621191],[119.725977,26.609424],[119.784766,26.546631],[119.831152,26.450195],[119.840332,26.41416],[119.876465,26.370947],[119.881055,26.33418],[119.797266,26.300146],[119.692676,26.236426],[119.56709,26.127344],[119.463086,26.054688],[119.369727,26.054053],[119.313086,26.062549],[119.232129,26.104395],[119.139453,26.121777],[119.26377,25.974805],[119.332031,25.94873],[119.417773,25.954346],[119.500879,26.00918],[119.61875,26.003564],[119.648242,25.918701],[119.616895,25.8229],[119.552832,25.698682],[119.539453,25.59126],[119.619141,25.437451],[119.622461,25.391162],[119.592773,25.368018],[119.499219,25.408643],[119.421777,25.459619],[119.34375,25.446289],[119.263086,25.468018],[119.180078,25.449805],[119.146289,25.414307],[119.169336,25.355713],[119.243555,25.307031],[119.285547,25.232227],[119.235547,25.205957],[119.024609,25.223438],[118.977539,25.209277],[118.914453,25.126807],[118.955664,25.004785],[118.909082,24.928906],[118.82207,24.911133],[118.70752,24.849805],[118.636914,24.835547],[118.640234,24.809082],[118.691797,24.782324],[118.719141,24.746143],[118.657031,24.621436],[118.560352,24.580371],[118.412012,24.600732],[118.295313,24.572754],[118.194531,24.62583],[118.087109,24.627002],[118.013867,24.559912],[118.005957,24.481982],[117.935059,24.474219],[117.896875,24.479834],[117.842676,24.474316],[117.848242,24.432471],[117.879004,24.395898],[118.024219,24.379639],[118.050586,24.327148],[118.056055,24.246094],[117.904102,24.106445],[117.839453,24.012305],[117.741699,24.014795],[117.667871,23.939258],[117.628223,23.836719],[117.579199,23.856982],[117.466406,23.840576],[117.433105,23.791699],[117.45957,23.771484],[117.462207,23.73623],[117.416992,23.620996],[117.367676,23.588623],[117.34668,23.635742],[117.330762,23.708789],[117.29082,23.714355],[117.225,23.647021],[117.148145,23.598779],[117.08252,23.57876],[117.032813,23.623437],[116.910645,23.64668],[116.860938,23.453076],[116.75957,23.38252],[116.712109,23.360498],[116.629395,23.353857],[116.682324,23.327393],[116.698828,23.277783],[116.669141,23.228174],[116.586426,23.218262],[116.538281,23.179688],[116.519824,23.006592],[116.470703,22.945898],[116.345508,22.941064],[116.251855,22.981348],[116.22207,22.949561],[116.206348,22.918652],[116.157422,22.887451],[116.062598,22.879102],[115.852148,22.801563],[115.755859,22.823926],[115.64043,22.853418],[115.561133,22.824707],[115.534668,22.765186],[115.49834,22.718848],[115.38252,22.718848],[115.289941,22.775977],[115.195801,22.817285],[115.091504,22.781689],[115.012109,22.708936],[114.914453,22.684619],[114.896387,22.639502],[114.853809,22.616797],[114.750391,22.626318],[114.711133,22.738721],[114.65166,22.755273],[114.592773,22.698437],[114.571973,22.654053],[114.544434,22.620605],[114.554199,22.528906],[114.496191,22.527051],[114.420117,22.583252],[114.340625,22.593213],[114.266016,22.540967],[114.228223,22.553955],[114.188184,22.56499],[114.122852,22.56499],[114.097852,22.55127],[114.050391,22.542969],[114.018262,22.514453],[114.01543,22.511914],[113.931152,22.531055],[113.82832,22.607227],[113.754492,22.733643],[113.661133,22.80166],[113.619629,22.861426],[113.603418,22.968896],[113.586328,23.02002],[113.592188,23.076953],[113.620508,23.12749],[113.519727,23.1021],[113.445312,23.055078],[113.460352,22.995703],[113.441895,22.940576],[113.331055,22.912012],[113.337793,22.888818],[113.344824,22.8646],[113.432031,22.789404],[113.449805,22.726123],[113.484766,22.692383],[113.553027,22.594043],[113.551465,22.40415],[113.588867,22.350488],[113.576465,22.297266],[113.549121,22.225195],[113.546777,22.224121],[113.527051,22.245947],[113.494141,22.241553],[113.481055,22.21748],[113.478906,22.195557],[113.473437,22.194434],[113.415723,22.178369],[113.367383,22.164844],[113.327734,22.14541],[113.266406,22.08877],[113.149023,22.075],[113.08877,22.207959],[113.008203,22.119336],[112.983789,21.938232],[112.953906,21.907324],[112.903809,21.881445],[112.808594,21.944629],[112.725391,21.902344],[112.660742,21.859473],[112.634082,21.819873],[112.586328,21.776855],[112.494727,21.818311],[112.421289,21.880615],[112.439453,21.927344],[112.429297,21.958105],[112.396094,21.981348],[112.359668,21.978027],[112.377441,21.91748],[112.389746,21.801221],[112.356445,21.767578],[112.30498,21.741699],[112.193359,21.763135],[112.117188,21.806494],[112.025195,21.843018],[111.943945,21.849658],[111.926465,21.77627],[111.873438,21.717139],[111.824609,21.709766],[111.775977,21.719238],[111.711914,21.655225],[111.681641,21.608496],[111.602734,21.559082],[111.392383,21.535107],[111.319141,21.486133],[111.220605,21.493896],[111.144238,21.482227],[111.100586,21.484717],[111.061133,21.510986],[111.016895,21.511719],[110.996777,21.430273],[110.878027,21.395947],[110.771094,21.386523],[110.652148,21.279102],[110.567187,21.214062],[110.504297,21.207422],[110.458008,21.230566],[110.43457,21.326904],[110.410937,21.338135],[110.397461,21.247705],[110.374609,21.172363],[110.331152,21.131348],[110.193555,21.037646],[110.154004,20.944629],[110.180371,20.858594],[110.36543,20.837598],[110.388477,20.790527],[110.370508,20.752051],[110.326172,20.719922],[110.313086,20.67168],[110.511523,20.518262],[110.517578,20.46001],[110.486914,20.426855],[110.449512,20.35542],[110.344727,20.294824],[110.123145,20.263721],[109.938477,20.295117],[109.88252,20.364063],[109.88584,20.413135],[109.931641,20.398877],[109.983887,20.403271],[109.968359,20.448145],[109.946387,20.474365],[109.861035,20.514307],[109.791992,20.621875],[109.805273,20.711475],[109.767383,20.780713],[109.72627,20.83877],[109.684766,20.873633],[109.662598,20.916895],[109.704492,21.052734],[109.68125,21.131641],[109.760156,21.228369],[109.77959,21.337451],[109.921094,21.376465],[109.930762,21.480566],[109.82959,21.483594],[109.759375,21.560059],[109.743359,21.527979],[109.686914,21.524609],[109.594336,21.671973],[109.566406,21.690576],[109.521484,21.693408],[109.544043,21.537939],[109.435547,21.479492],[109.34668,21.453955],[109.22041,21.443408],[109.148633,21.425537],[109.081543,21.440283],[109.098145,21.487354],[109.133496,21.543604],[109.101758,21.590479],[109.030566,21.626514],[108.921777,21.624414],[108.846387,21.634473],[108.77168,21.630469],[108.743945,21.65127],[108.674512,21.724658],[108.61582,21.770459],[108.589355,21.815967],[108.61582,21.868896],[108.59375,21.901025],[108.479883,21.904639],[108.480859,21.828809],[108.492578,21.739404],[108.525684,21.671387],[108.502148,21.633447],[108.444336,21.607324],[108.382812,21.679199],[108.35459,21.696924],[108.324805,21.693506],[108.302148,21.621924],[108.246289,21.558398],[108.145605,21.565186],[108.067383,21.525977],[107.972656,21.507959]]],[[[110.88877,19.991943],[110.938281,19.947559],[110.970703,19.883301],[110.997656,19.764697],[111.013672,19.655469],[110.912695,19.586084],[110.822266,19.55791],[110.640918,19.291211],[110.603125,19.207031],[110.572168,19.171875],[110.5625,19.135156],[110.566016,19.098535],[110.519336,18.970215],[110.477637,18.812598],[110.45127,18.747949],[110.399512,18.69834],[110.333691,18.673291],[110.29082,18.669531],[110.251758,18.655762],[110.15625,18.569824],[110.048535,18.505225],[110.066406,18.475635],[110.067383,18.447559],[110.020215,18.41626],[109.967676,18.42207],[109.815625,18.39668],[109.759766,18.348291],[109.702734,18.259131],[109.681055,18.247119],[109.589551,18.226318],[109.519336,18.218262],[109.400098,18.281104],[109.340918,18.299609],[109.183203,18.325146],[109.029883,18.367773],[108.922266,18.416113],[108.701563,18.535254],[108.676074,18.750244],[108.638086,18.866309],[108.635645,18.907715],[108.65,19.265039],[108.665527,19.304102],[108.693555,19.338281],[108.791016,19.418164],[108.902832,19.481348],[109.062891,19.613574],[109.179102,19.674121],[109.27666,19.761133],[109.219531,19.757471],[109.177441,19.768457],[109.218945,19.842822],[109.263477,19.882666],[109.314844,19.904395],[109.418164,19.888818],[109.513672,19.904248],[109.584277,19.970312],[109.651367,19.984375],[109.90625,19.962744],[110.083008,19.99292],[110.171582,20.053711],[110.213379,20.056055],[110.343945,20.038818],[110.392285,19.975586],[110.387988,20.018018],[110.393555,20.059229],[110.417578,20.054736],[110.588184,19.976367],[110.58877,20.072461],[110.59834,20.097607],[110.651758,20.137744],[110.678516,20.137061],[110.744531,20.059473],[110.809082,20.014404],[110.88877,19.991943]]]]}},{"type":"Feature","properties":{"code":"KHM","name":"Cambodia","name_en":"Cambodia"},"geometry":{"type":"MultiPolygon","coordinates":[[[[103.045117,11.285059],[103.027344,11.275488],[103.010547,11.275781],[102.993359,11.29043],[102.99502,11.348096],[103.00752,11.383301],[103.036816,11.389941],[103.045117,11.285059]]],[[[103.317773,10.718506],[103.28125,10.679688],[103.222949,10.75957],[103.223437,10.781982],[103.317773,10.718506]]],[[[107.519434,14.705078],[107.535254,14.649951],[107.493164,14.545752],[107.448438,14.451221],[107.364453,14.368701],[107.360352,14.307861],[107.331445,14.126611],[107.342578,14.068896],[107.362109,14.019482],[107.389453,13.993018],[107.462305,13.815625],[107.528613,13.654199],[107.593945,13.52168],[107.605469,13.437793],[107.545508,13.225439],[107.475391,13.030371],[107.481543,12.933105],[107.511523,12.835742],[107.543555,12.705908],[107.555469,12.53999],[107.538086,12.431787],[107.506445,12.364551],[107.445996,12.295703],[107.393359,12.260498],[107.330078,12.319043],[107.279688,12.321582],[107.212109,12.304004],[107.158984,12.277051],[107.050684,12.175879],[106.930664,12.07749],[106.764648,12.052344],[106.700098,11.979297],[106.630957,11.969189],[106.499609,11.965527],[106.413867,11.948437],[106.417773,11.911719],[106.410742,11.738379],[106.4125,11.697803],[106.399219,11.687012],[106.339844,11.681836],[106.23916,11.70835],[106.10293,11.75127],[106.006055,11.758008],[105.95625,11.682471],[105.926562,11.65293],[105.889844,11.648389],[105.851465,11.63501],[105.838477,11.601318],[105.835352,11.559131],[105.854004,11.487061],[105.860938,11.372412],[105.856055,11.294287],[105.891602,11.244824],[106.099512,11.078662],[106.160937,11.037109],[106.167969,11.012305],[106.131543,10.921973],[106.163965,10.794922],[106.098828,10.797266],[105.990137,10.851807],[105.938184,10.885156],[105.875195,10.858496],[105.85332,10.863574],[105.810742,10.926074],[105.755078,10.98999],[105.697754,10.994043],[105.576563,10.968896],[105.452734,10.951416],[105.405762,10.951611],[105.386523,10.940088],[105.314648,10.845166],[105.284277,10.861475],[105.159473,10.897559],[105.045703,10.911377],[105.022266,10.886865],[105.036133,10.809375],[105.061133,10.733789],[105.046387,10.70166],[104.983887,10.661914],[104.90127,10.590234],[104.850586,10.534473],[104.81543,10.520801],[104.689648,10.523242],[104.564258,10.515967],[104.514063,10.46333],[104.466992,10.422363],[104.426367,10.41123],[104.262402,10.54126],[103.937109,10.586621],[103.901758,10.643945],[103.870508,10.655127],[103.840527,10.580566],[103.661914,10.508936],[103.587109,10.552197],[103.532227,10.604639],[103.54043,10.668701],[103.59209,10.721045],[103.680859,10.758594],[103.721875,10.890137],[103.654297,11.058691],[103.59502,11.107764],[103.532422,11.14668],[103.466699,11.083984],[103.411328,10.976758],[103.353613,10.921582],[103.272168,10.909277],[103.152832,10.913721],[103.106445,11.073779],[103.091113,11.211084],[103.107422,11.367773],[103.125488,11.460645],[103.010547,11.588672],[103.004199,11.710596],[102.948633,11.773486],[102.932324,11.741699],[102.933887,11.706689],[102.918066,11.73208],[102.736621,12.089795],[102.70625,12.255664],[102.737402,12.383398],[102.755664,12.42627],[102.70332,12.493506],[102.629687,12.569922],[102.499609,12.669971],[102.490723,12.82832],[102.461719,13.015039],[102.422656,13.077979],[102.362988,13.192969],[102.330762,13.288232],[102.319727,13.53999],[102.336328,13.560303],[102.428516,13.567578],[102.546875,13.585693],[102.565527,13.626367],[102.544727,13.659961],[102.62041,13.716943],[102.728906,13.841895],[102.812793,13.972461],[102.873242,14.054883],[102.909277,14.136719],[103.031055,14.252539],[103.199414,14.332617],[103.313477,14.351318],[103.432422,14.378613],[103.546387,14.417432],[103.600391,14.421094],[103.741895,14.37417],[103.818359,14.362158],[103.898633,14.362793],[103.981836,14.35791],[104.054297,14.362744],[104.227734,14.395508],[104.411621,14.36958],[104.575781,14.390039],[104.779004,14.427832],[104.878809,14.404004],[104.969727,14.366113],[104.982422,14.289453],[105.003418,14.254443],[105.033691,14.227393],[105.074121,14.227441],[105.125977,14.280957],[105.169141,14.336084],[105.183301,14.34624],[105.185547,14.319092],[105.207031,14.259375],[105.245703,14.200537],[105.284863,14.161475],[105.350195,14.10957],[105.392676,14.10708],[105.531543,14.156152],[105.739746,14.084961],[105.764063,14.049072],[105.831445,13.976611],[105.904492,13.924512],[106.066797,13.921191],[106.124707,14.049121],[106.09668,14.1271],[106.004102,14.262891],[105.978906,14.343018],[106.008398,14.357178],[106.165234,14.372363],[106.190723,14.388135],[106.225391,14.476221],[106.267969,14.466211],[106.35498,14.454785],[106.446973,14.515039],[106.501465,14.578223],[106.531152,14.549414],[106.563672,14.505078],[106.599219,14.479395],[106.66543,14.441309],[106.738184,14.387744],[106.783496,14.335107],[106.819922,14.314697],[106.913184,14.329395],[106.938086,14.327344],[106.992187,14.391016],[107.030176,14.425684],[107.062402,14.415771],[107.109375,14.416699],[107.206641,14.4979],[107.262305,14.572119],[107.292676,14.592383],[107.379883,14.555322],[107.414746,14.562891],[107.465137,14.66499],[107.519434,14.705078]]]]}},{"type":"Feature","properties":{"code":"MMR","name":"Myanmar","name_en":"Myanmar"},"geometry":{"type":"MultiPolygon","coordinates":[[[[100.122461,20.31665],[100.003613,20.37959],[99.954297,20.41543],[99.890332,20.424414],[99.825195,20.384473],[99.77334,20.341309],[99.720117,20.325439],[99.638672,20.320459],[99.531641,20.342822],[99.458887,20.363037],[99.447949,20.352051],[99.4875,20.260645],[99.50166,20.187744],[99.485938,20.149854],[99.451563,20.118311],[99.399219,20.093457],[99.337891,20.078906],[99.283691,20.08042],[99.196875,20.115137],[99.130762,20.116602],[99.074219,20.099365],[99.039746,20.073633],[99.020703,20.041797],[98.987402,19.861377],[98.958008,19.804932],[98.916699,19.7729],[98.875781,19.76958],[98.819531,19.778467],[98.760645,19.771094],[98.493848,19.701318],[98.45498,19.694434],[98.371289,19.68916],[98.293652,19.687256],[98.239062,19.690674],[98.111035,19.762158],[98.049023,19.769727],[98.015039,19.749512],[97.991211,19.653711],[97.916406,19.592871],[97.816797,19.459961],[97.793555,19.265869],[97.803906,19.130469],[97.71416,18.996484],[97.706055,18.931787],[97.754004,18.620801],[97.745898,18.588184],[97.727734,18.572021],[97.671582,18.56123],[97.577344,18.528711],[97.515137,18.497754],[97.484961,18.494238],[97.39707,18.517529],[97.373926,18.517969],[97.380664,18.494287],[97.450781,18.359668],[97.523828,18.295898],[97.599316,18.302979],[97.632227,18.290332],[97.622461,18.258008],[97.651563,18.17373],[97.719727,18.037402],[97.739941,17.935303],[97.698535,17.833545],[97.706445,17.797119],[97.729102,17.77583],[97.792969,17.68125],[97.929297,17.533301],[98.063086,17.373291],[98.174609,17.239893],[98.256543,17.147656],[98.438867,16.975684],[98.471191,16.89502],[98.478125,16.732227],[98.523145,16.638184],[98.564746,16.570947],[98.593652,16.514795],[98.660742,16.33042],[98.689258,16.30542],[98.835449,16.417578],[98.869336,16.394189],[98.888281,16.351904],[98.888477,16.298096],[98.865527,16.237061],[98.817969,16.180811],[98.592383,16.050684],[98.574023,15.938623],[98.558203,15.768604],[98.554492,15.559766],[98.565234,15.403564],[98.556934,15.367676],[98.537305,15.350684],[98.452148,15.357373],[98.329395,15.278564],[98.286133,15.271582],[98.232227,15.241357],[98.191016,15.204102],[98.17793,15.147412],[98.202148,14.975928],[98.245996,14.814746],[98.332129,14.696484],[98.400195,14.602979],[98.49502,14.4729],[98.57002,14.359912],[98.721191,14.235742],[98.933594,14.049854],[99.014648,13.947168],[99.08623,13.822754],[99.136816,13.716699],[99.156055,13.575781],[99.17168,13.496924],[99.176172,13.233057],[99.137109,13.172998],[99.107422,13.103516],[99.123926,13.030762],[99.173535,12.961328],[99.173535,12.881934],[99.219824,12.739746],[99.297363,12.652881],[99.371973,12.594238],[99.405078,12.5479],[99.394238,12.473633],[99.416309,12.394824],[99.432422,12.309033],[99.462891,12.190234],[99.522949,12.089648],[99.614746,11.781201],[99.6125,11.749658],[99.572852,11.687158],[99.515234,11.630664],[99.47793,11.6125],[99.442676,11.554395],[99.358789,11.389453],[99.190137,11.105273],[99.025391,10.919971],[98.887109,10.78833],[98.786914,10.708447],[98.757227,10.660937],[98.757227,10.623584],[98.775391,10.557031],[98.768359,10.430859],[98.746875,10.35083],[98.718457,10.266016],[98.702539,10.190381],[98.658008,10.179053],[98.562598,10.034961],[98.521289,10.107227],[98.496875,10.18252],[98.523047,10.353125],[98.464941,10.67583],[98.500977,10.718945],[98.535645,10.740674],[98.598828,10.864404],[98.675586,10.986914],[98.682617,11.133105],[98.744727,11.240381],[98.730078,11.32998],[98.733301,11.435254],[98.746387,11.521289],[98.741406,11.591699],[98.790723,11.665088],[98.875977,11.719727],[98.840234,11.739258],[98.804785,11.779248],[98.693652,11.718359],[98.636328,11.738379],[98.624902,11.801465],[98.639063,11.869141],[98.644922,11.910303],[98.689453,11.956738],[98.686328,12.047119],[98.663867,12.126709],[98.696289,12.225244],[98.630566,12.225488],[98.600293,12.245312],[98.619141,12.3],[98.678711,12.348486],[98.624414,12.440723],[98.664648,12.539941],[98.663184,12.662402],[98.635645,12.770508],[98.637109,12.848242],[98.595117,12.986035],[98.575977,13.161914],[98.487109,13.293066],[98.421289,13.483789],[98.24541,13.733496],[98.248438,13.840381],[98.238965,13.934473],[98.200391,13.980176],[98.149512,13.647607],[98.110645,13.712891],[98.098242,13.89834],[98.072656,13.986475],[98.100195,14.161523],[97.998438,14.335303],[97.976562,14.461475],[97.909766,14.652686],[97.929297,14.695557],[98.01875,14.652588],[97.936523,14.763916],[97.869141,14.738721],[97.812305,14.858936],[97.799805,15.184912],[97.74375,15.306787],[97.774219,15.430957],[97.710352,15.875537],[97.584277,16.01958],[97.609277,16.143848],[97.640625,16.253857],[97.633691,16.457666],[97.664648,16.520459],[97.725977,16.568555],[97.668457,16.551611],[97.619629,16.537207],[97.505078,16.525293],[97.375879,16.522949],[97.331055,16.671777],[97.26748,16.743115],[97.211719,16.892578],[97.17832,17.062012],[97.200195,17.09541],[97.100195,17.164551],[97.074512,17.206934],[96.970117,17.317334],[96.851465,17.401025],[96.877734,17.342187],[96.909766,17.304834],[96.850879,17.20293],[96.908594,17.030957],[96.858008,16.921191],[96.810645,16.778369],[96.76543,16.710352],[96.622461,16.563916],[96.506641,16.514355],[96.431152,16.504932],[96.364355,16.520508],[96.282227,16.595996],[96.262109,16.659131],[96.248926,16.765332],[96.220313,16.780566],[96.189063,16.768311],[96.237695,16.63125],[96.236719,16.567432],[96.324316,16.444434],[96.293066,16.410059],[96.135059,16.342529],[96.080957,16.353369],[96.042871,16.339941],[96.032129,16.284619],[96.012305,16.253711],[95.763281,16.169043],[95.711426,16.073389],[95.679492,15.976758],[95.555664,15.837842],[95.389551,15.722754],[95.348437,15.729297],[95.301465,15.756152],[95.307813,15.88042],[95.364746,15.985449],[95.346777,16.097607],[95.333008,16.033252],[95.225879,15.876807],[95.176953,15.825684],[95.07832,15.83916],[94.942578,15.818262],[94.891211,15.979102],[94.892188,16.038184],[94.882227,16.087939],[94.897852,16.14082],[94.893164,16.182812],[94.860156,16.102441],[94.847754,16.032861],[94.798145,15.971094],[94.661523,15.904395],[94.65625,15.98877],[94.651367,16.064844],[94.680762,16.133301],[94.676562,16.242041],[94.719922,16.39873],[94.716602,16.45249],[94.70332,16.511914],[94.679004,16.425586],[94.665234,16.336133],[94.637695,16.309082],[94.5875,16.288818],[94.495703,16.186133],[94.441602,16.094385],[94.299023,16.007617],[94.223828,16.016455],[94.214258,16.126611],[94.271289,16.517285],[94.327344,16.572168],[94.353418,16.639941],[94.4,16.868164],[94.452441,16.954492],[94.473145,17.135449],[94.494336,17.166553],[94.564453,17.308545],[94.588965,17.569336],[94.560059,17.698975],[94.494336,17.824609],[94.430762,18.20166],[94.26582,18.507227],[94.252148,18.60918],[94.170703,18.732422],[94.245703,18.741162],[94.091309,18.849219],[94.07002,18.893408],[94.038965,19.146191],[94.044922,19.287402],[94.022461,19.268799],[94.001563,19.181787],[93.941016,19.146094],[93.968066,18.995068],[93.961328,18.958398],[93.929199,18.899658],[93.800098,18.960596],[93.705469,19.026904],[93.598145,19.188477],[93.493066,19.369482],[93.530566,19.397559],[93.578613,19.401172],[93.728027,19.266504],[93.824902,19.238477],[93.886133,19.271924],[93.962012,19.329346],[93.998145,19.440869],[93.960742,19.481689],[93.887891,19.503906],[93.839551,19.534131],[93.769922,19.60957],[93.761035,19.648047],[93.739551,19.697266],[93.66875,19.731982],[93.611719,19.776074],[93.659863,19.85415],[93.707031,19.912158],[93.581836,19.90957],[93.439063,20.009424],[93.40957,20.03833],[93.362305,20.058301],[93.25,20.070117],[93.156641,20.040771],[93.199023,19.89834],[93.190625,19.851221],[93.129492,19.858008],[93.001953,20.074854],[93.040332,20.129785],[93.095508,20.181348],[93.068359,20.188672],[93.015137,20.185254],[93.066797,20.377637],[93.035352,20.406152],[93.01875,20.346045],[92.990723,20.287988],[92.882129,20.152148],[92.82832,20.177588],[92.791211,20.211426],[92.843555,20.282617],[92.87168,20.301758],[92.891113,20.340332],[92.850684,20.414844],[92.786914,20.469043],[92.735645,20.562695],[92.708984,20.563965],[92.732617,20.453369],[92.722852,20.295605],[92.608008,20.469873],[92.37832,20.717578],[92.324121,20.791846],[92.311914,20.864453],[92.28623,20.931592],[92.268457,21.004688],[92.264453,21.061475],[92.214746,21.112695],[92.191992,21.202246],[92.17959,21.293115],[92.208203,21.357861],[92.279688,21.427588],[92.330566,21.439795],[92.372656,21.409033],[92.471875,21.362988],[92.53916,21.319824],[92.568555,21.26333],[92.599805,21.270166],[92.631641,21.306201],[92.625293,21.350732],[92.593457,21.467334],[92.584277,21.609033],[92.582812,21.940332],[92.574902,21.978076],[92.630371,22.011328],[92.652637,22.049316],[92.674707,22.106006],[92.688965,22.130957],[92.720996,22.132422],[92.771387,22.104785],[92.854297,22.010156],[92.909473,21.988916],[92.964551,22.00376],[93.021973,22.145703],[93.042969,22.183984],[93.070605,22.209424],[93.121484,22.205176],[93.151172,22.230615],[93.162402,22.291895],[93.162012,22.360205],[93.105078,22.547119],[93.088184,22.633252],[93.078711,22.718213],[93.114258,22.805713],[93.1625,22.907959],[93.150977,22.997314],[93.16416,23.032031],[93.203906,23.037012],[93.253516,23.015479],[93.308008,23.030371],[93.349414,23.084961],[93.366016,23.13252],[93.391309,23.33916],[93.408105,23.528027],[93.414941,23.68208],[93.372559,23.77417],[93.307324,24.021875],[93.32627,24.064209],[93.355566,24.074121],[93.452148,23.987402],[93.49375,23.972852],[93.564063,23.986084],[93.633301,24.005371],[93.683398,24.006543],[93.755859,23.976904],[93.855469,23.943896],[94.01084,23.90293],[94.074805,23.87207],[94.127637,23.876465],[94.170313,23.972656],[94.219727,24.113184],[94.293066,24.321875],[94.377246,24.47373],[94.399414,24.514062],[94.493164,24.637646],[94.584082,24.767236],[94.663281,24.931006],[94.707617,25.04873],[94.703711,25.097852],[94.675293,25.138574],[94.615625,25.1646],[94.566504,25.191504],[94.553027,25.215723],[94.554395,25.243457],[94.579883,25.319824],[94.622852,25.41001],[94.667773,25.458887],[94.78584,25.519336],[94.861133,25.597217],[94.945703,25.700244],[94.991992,25.770459],[95.015234,25.912939],[95.040723,25.941309],[95.092969,25.987305],[95.132422,26.04126],[95.129297,26.07041],[95.108398,26.091406],[95.068945,26.191113],[95.050879,26.347266],[95.059766,26.473975],[95.089453,26.525488],[95.128711,26.597266],[95.201465,26.641406],[95.305078,26.672266],[95.463867,26.756055],[95.738379,26.950439],[95.837305,27.013818],[95.905273,27.046631],[95.970898,27.128076],[96.061426,27.21709],[96.19082,27.261279],[96.274219,27.278369],[96.665723,27.339258],[96.731641,27.331494],[96.797852,27.296191],[96.880273,27.177832],[96.953418,27.133301],[97.038086,27.102051],[97.102051,27.11543],[97.103711,27.16333],[96.901953,27.4396],[96.883594,27.514844],[96.876855,27.586719],[96.899707,27.643848],[96.962793,27.698291],[97.049707,27.76001],[97.157813,27.836865],[97.226074,27.890039],[97.306152,27.90708],[97.335156,27.937744],[97.343555,27.982324],[97.33916,28.030859],[97.302734,28.085986],[97.310254,28.155225],[97.322461,28.217969],[97.356445,28.254492],[97.431445,28.353906],[97.477734,28.425635],[97.502148,28.456348],[97.537891,28.510205],[97.599219,28.517041],[97.658887,28.5],[97.694629,28.469336],[97.730078,28.407129],[97.769043,28.356152],[97.816504,28.356348],[97.864941,28.363574],[97.887598,28.356494],[97.934082,28.313818],[98.022266,28.211523],[98.061621,28.185889],[98.098926,28.142285],[98.118359,28.055225],[98.130469,27.967578],[98.241016,27.663184],[98.274219,27.599072],[98.298828,27.550098],[98.350488,27.538086],[98.392383,27.587061],[98.408887,27.639453],[98.452539,27.657227],[98.504492,27.647656],[98.599805,27.598828],[98.651172,27.572461],[98.676758,27.421924],[98.682422,27.245312],[98.674805,27.190625],[98.716504,27.044922],[98.729492,26.877393],[98.738477,26.785742],[98.739355,26.698145],[98.731836,26.583398],[98.709473,26.429688],[98.671875,26.298535],[98.685547,26.189355],[98.663184,26.139453],[98.571973,26.114062],[98.564063,26.072412],[98.591016,26.003711],[98.654688,25.917773],[98.65625,25.863574],[98.625391,25.826709],[98.558398,25.823242],[98.465527,25.788867],[98.40166,25.677979],[98.333789,25.586768],[98.296582,25.568848],[98.172559,25.594531],[98.142871,25.571094],[98.099609,25.415723],[98.064063,25.348975],[98.010742,25.292529],[97.962012,25.259326],[97.917969,25.236133],[97.819531,25.251855],[97.767383,25.158057],[97.714941,25.034326],[97.710742,24.970361],[97.737891,24.869873],[97.723828,24.841992],[97.670703,24.820117],[97.583301,24.774805],[97.529395,24.631201],[97.531445,24.491699],[97.563281,24.443848],[97.623633,24.422949],[97.666602,24.37998],[97.670703,24.312744],[97.708203,24.22876],[97.690625,24.130811],[97.568262,23.988477],[97.564551,23.911035],[97.629687,23.887158],[97.686035,23.898096],[97.755664,23.931885],[97.837695,23.986279],[98.016895,24.06543],[98.2125,24.110645],[98.367285,24.119043],[98.499414,24.115674],[98.56416,24.098828],[98.583398,24.069824],[98.764355,24.116064],[98.802344,24.118701],[98.835059,24.121191],[98.833984,24.090576],[98.701563,23.964062],[98.676758,23.905078],[98.680859,23.841797],[98.735059,23.783105],[98.787695,23.737842],[98.832227,23.624365],[98.797852,23.52041],[98.819727,23.48252],[98.858887,23.440088],[98.882617,23.380322],[98.885547,23.307471],[98.86377,23.19126],[99.055078,23.130566],[99.220313,23.10332],[99.34082,23.095898],[99.418066,23.069238],[99.464551,23.04624],[99.497266,23.00459],[99.507129,22.959131],[99.466797,22.927295],[99.385156,22.825098],[99.338281,22.688672],[99.343164,22.586523],[99.337695,22.498047],[99.243066,22.370361],[99.205371,22.282568],[99.172363,22.19248],[99.173438,22.15332],[99.192969,22.125977],[99.233398,22.110156],[99.303125,22.100635],[99.388672,22.110791],[99.592676,22.08916],[99.825391,22.049707],[99.917676,22.028027],[99.947852,21.98833],[99.94043,21.901611],[99.925586,21.820801],[99.940723,21.75874],[99.978223,21.701611],[100.041211,21.682764],[100.095508,21.660645],[100.105762,21.617041],[100.089258,21.55791],[100.116797,21.511182],[100.147656,21.480518],[100.214746,21.462988],[100.350586,21.501025],[100.445703,21.484082],[100.531348,21.458105],[100.60459,21.471777],[100.677148,21.504932],[100.835156,21.655176],[101.019336,21.736377],[101.079785,21.755859],[101.120703,21.746094],[101.130859,21.735547],[101.128125,21.705127],[101.147266,21.581641],[101.138867,21.56748],[101.080371,21.468652],[100.927539,21.366211],[100.819531,21.314209],[100.756641,21.312646],[100.703125,21.251367],[100.65918,21.130371],[100.613672,21.059326],[100.566602,21.038184],[100.536133,20.992383],[100.522266,20.921924],[100.549316,20.884229],[100.617676,20.879248],[100.622949,20.85957],[100.565137,20.825098],[100.493359,20.812988],[100.407422,20.823242],[100.326074,20.795703],[100.249316,20.730273],[100.183887,20.589111],[100.129687,20.372217],[100.122461,20.31665]]],[[[98.209766,10.952734],[98.293457,10.779687],[98.284375,10.753125],[98.271484,10.739893],[98.251758,10.744434],[98.218164,10.837744],[98.155371,10.897949],[98.080469,10.886621],[98.142578,10.963135],[98.167285,10.980322],[98.209766,10.952734]]],[[[98.182617,9.933447],[98.134375,9.875391],[98.118066,9.877881],[98.140234,9.974658],[98.220703,10.045215],[98.291699,10.051318],[98.283398,10.007617],[98.23125,9.953955],[98.182617,9.933447]]],[[[98.22168,11.478223],[98.216211,11.455762],[98.209375,11.456543],[98.187305,11.472412],[98.201074,11.567187],[98.239062,11.644727],[98.278125,11.758398],[98.299609,11.783008],[98.30752,11.7229],[98.283789,11.594092],[98.263281,11.523633],[98.22168,11.478223]]],[[[98.516016,11.905029],[98.474316,11.899414],[98.454492,12.061279],[98.466211,12.084277],[98.525293,12.005176],[98.60957,11.956641],[98.576465,11.925098],[98.516016,11.905029]]],[[[98.553809,11.744873],[98.528418,11.538672],[98.464844,11.567187],[98.434766,11.56709],[98.396875,11.683545],[98.399512,11.714844],[98.376465,11.791504],[98.523535,11.804932],[98.553809,11.744873]]],[[[98.413965,12.597949],[98.436426,12.570508],[98.468262,12.571338],[98.459473,12.47373],[98.380859,12.353662],[98.334473,12.336182],[98.313867,12.335986],[98.331445,12.511426],[98.302539,12.611572],[98.312109,12.678174],[98.396484,12.647119],[98.413965,12.597949]]],[[[98.136719,12.150439],[98.125098,12.144873],[98.108496,12.148096],[98.075391,12.164453],[98.037305,12.232471],[98.057324,12.280078],[98.071387,12.291797],[98.104883,12.287793],[98.122461,12.278711],[98.128418,12.26123],[98.118457,12.223389],[98.120117,12.191309],[98.136719,12.150439]]],[[[94.476758,15.945947],[94.411914,15.848389],[94.387891,15.994141],[94.49375,16.075342],[94.545996,16.152832],[94.60127,16.205518],[94.618652,16.141309],[94.566113,16.019287],[94.476758,15.945947]]],[[[97.575,16.253223],[97.537207,16.240137],[97.480371,16.305713],[97.469141,16.461035],[97.516406,16.496875],[97.541992,16.505078],[97.579004,16.486035],[97.593262,16.460791],[97.599609,16.429541],[97.589355,16.397363],[97.575,16.253223]]],[[[93.69082,18.684277],[93.674023,18.675684],[93.569922,18.75957],[93.4875,18.867529],[93.618262,18.888818],[93.744727,18.865527],[93.745508,18.808057],[93.718359,18.715723],[93.69082,18.684277]]],[[[93.491797,19.892578],[93.513281,19.754785],[93.444629,19.806445],[93.419531,19.877588],[93.412891,19.950342],[93.491797,19.892578]]],[[[93.714844,19.558252],[93.829492,19.475293],[93.874707,19.481055],[93.945703,19.428613],[93.947461,19.408154],[93.933984,19.36543],[93.901953,19.332031],[93.815234,19.298682],[93.755859,19.325684],[93.732324,19.416309],[93.662207,19.458936],[93.644043,19.495068],[93.688379,19.544434],[93.714844,19.558252]]],[[[98.541699,10.961523],[98.518945,10.959375],[98.498047,10.964258],[98.477441,10.979736],[98.526563,11.086963],[98.541699,10.961523]]],[[[98.075488,11.692383],[98.083594,11.636816],[98.021094,11.695898],[98.010352,11.860254],[98.05957,11.756689],[98.080762,11.733203],[98.075488,11.692383]]],[[[98.066113,12.389795],[98.060352,12.353516],[98.002344,12.279004],[97.951758,12.322314],[97.938672,12.346094],[97.990234,12.393799],[98.045117,12.387012],[98.059863,12.397852],[98.066113,12.389795]]],[[[98.31543,13.099072],[98.30918,12.934717],[98.259277,13.014014],[98.250781,13.104395],[98.25459,13.188574],[98.265332,13.202246],[98.268555,13.189355],[98.298633,13.15166],[98.31543,13.099072]]],[[[94.804883,15.819336],[94.784375,15.793848],[94.743359,15.812109],[94.733496,15.823047],[94.828027,15.933008],[94.838184,15.89209],[94.804883,15.819336]]],[[[93.010156,19.923926],[93.023242,19.828857],[92.975195,19.868018],[92.912695,19.999805],[92.914648,20.086475],[92.95957,20.046191],[93.010156,19.923926]]]]}},{"type":"Feature","properties":{"code":"BGD","name":"Bangladesh","name_en":"Bangladesh"},"geometry":{"type":"MultiPolygon","coordinates":[[[[89.051465,22.093164],[89.055859,22.18623],[89.05,22.274609],[88.971484,22.510937],[88.920703,22.632031],[88.926953,22.671143],[88.923438,22.687549],[88.899707,22.843506],[88.866992,22.938867],[88.850586,23.040527],[88.928125,23.186621],[88.89707,23.2104],[88.807617,23.229687],[88.724414,23.25498],[88.704004,23.292822],[88.74082,23.436621],[88.697656,23.493018],[88.635742,23.55],[88.616406,23.572754],[88.595996,23.602197],[88.567383,23.674414],[88.622559,23.826367],[88.699805,24.002539],[88.71377,24.069629],[88.726562,24.18623],[88.733594,24.230908],[88.723535,24.274902],[88.642285,24.325977],[88.498535,24.346631],[88.396973,24.389258],[88.3375,24.453857],[88.287109,24.479736],[88.225,24.460645],[88.145508,24.485791],[88.079102,24.549902],[88.023438,24.627832],[88.030273,24.664453],[88.045117,24.713037],[88.149805,24.914648],[88.188867,24.920605],[88.279492,24.881934],[88.313379,24.881836],[88.372949,24.961523],[88.45625,25.188428],[88.573828,25.187891],[88.677539,25.180469],[88.747559,25.168945],[88.817285,25.176221],[88.890137,25.194385],[88.929785,25.222998],[88.95166,25.259277],[88.944141,25.290771],[88.854785,25.333545],[88.820312,25.365527],[88.79541,25.45625],[88.769141,25.490479],[88.593457,25.495312],[88.502441,25.537012],[88.452344,25.574414],[88.363086,25.698193],[88.25293,25.789795],[88.147461,25.811426],[88.106641,25.841113],[88.08457,25.888232],[88.097363,25.956348],[88.129004,26.018213],[88.150781,26.087158],[88.235156,26.178076],[88.333984,26.25752],[88.378027,26.312012],[88.44043,26.369482],[88.447852,26.401025],[88.436719,26.437109],[88.38623,26.471533],[88.351465,26.482568],[88.345898,26.504785],[88.369922,26.564111],[88.418164,26.571533],[88.518262,26.517773],[88.620117,26.430664],[88.680664,26.352979],[88.682813,26.291699],[88.722168,26.281836],[88.761914,26.279395],[88.828027,26.252197],[88.896484,26.260498],[88.940723,26.245361],[88.97041,26.250879],[88.981543,26.286133],[88.948242,26.337988],[88.924121,26.375098],[88.951953,26.412109],[88.983398,26.419531],[89.018652,26.410254],[89.066797,26.376904],[89.101953,26.30835],[89.108301,26.202246],[89.186426,26.105957],[89.289258,26.037598],[89.369727,26.006104],[89.466895,25.983545],[89.549902,26.005273],[89.591406,26.072412],[89.572754,26.132324],[89.585742,26.186035],[89.619043,26.215674],[89.670898,26.213818],[89.709863,26.17124],[89.822949,25.941406],[89.799609,25.8396],[89.824902,25.560156],[89.796289,25.37583],[89.800879,25.336133],[89.814063,25.305371],[89.833301,25.292773],[89.866309,25.293164],[90.003809,25.25835],[90.119629,25.219971],[90.250391,25.184961],[90.439355,25.157715],[90.555273,25.166602],[90.613086,25.167725],[90.730176,25.159473],[91.038281,25.174072],[91.293164,25.177979],[91.39668,25.151611],[91.479688,25.142139],[91.763477,25.160645],[92.049707,25.169482],[92.204688,25.110937],[92.373438,25.015137],[92.468359,24.944141],[92.485449,24.90332],[92.475,24.868506],[92.443164,24.849414],[92.384961,24.848779],[92.25127,24.895068],[92.22832,24.881348],[92.230566,24.78623],[92.22666,24.770996],[92.198047,24.685742],[92.11748,24.493945],[92.101953,24.408057],[92.085059,24.386182],[92.06416,24.374365],[92.001074,24.370898],[91.95166,24.356738],[91.931055,24.325537],[91.899023,24.260693],[91.876953,24.195312],[91.846191,24.175293],[91.772461,24.210645],[91.726562,24.205078],[91.66875,24.190088],[91.611133,24.152832],[91.571387,24.106592],[91.526367,24.090771],[91.392676,24.100098],[91.36709,24.093506],[91.350195,24.060498],[91.336426,24.018799],[91.232031,23.920459],[91.19248,23.762891],[91.160449,23.660645],[91.165527,23.581055],[91.253809,23.373633],[91.315234,23.104395],[91.338867,23.077002],[91.359375,23.068359],[91.368652,23.074561],[91.366797,23.130469],[91.370605,23.197998],[91.399414,23.213867],[91.43623,23.199902],[91.471387,23.14126],[91.51123,23.033691],[91.553516,22.991553],[91.619531,22.979688],[91.694922,23.004834],[91.750977,23.053516],[91.773828,23.106104],[91.75791,23.209814],[91.754199,23.287305],[91.790039,23.361035],[91.919141,23.471045],[91.937891,23.504688],[91.929492,23.598242],[91.92959,23.685986],[91.978516,23.691992],[92.044043,23.677783],[92.127051,23.720996],[92.152344,23.721875],[92.187109,23.675537],[92.246094,23.683594],[92.289355,23.49248],[92.33418,23.323828],[92.333789,23.242383],[92.341211,23.069824],[92.361621,22.929004],[92.393164,22.897021],[92.430469,22.821826],[92.464453,22.734424],[92.491406,22.6854],[92.50957,22.525684],[92.531836,22.410303],[92.56123,22.048047],[92.574902,21.978076],[92.582812,21.940332],[92.584277,21.609033],[92.593457,21.467334],[92.625293,21.350732],[92.631641,21.306201],[92.599805,21.270166],[92.568555,21.26333],[92.53916,21.319824],[92.471875,21.362988],[92.372656,21.409033],[92.330566,21.439795],[92.279688,21.427588],[92.208203,21.357861],[92.17959,21.293115],[92.191992,21.202246],[92.214746,21.112695],[92.264453,21.061475],[92.268457,21.004688],[92.28623,20.931592],[92.311914,20.864453],[92.324121,20.791846],[92.307813,20.79043],[92.248145,20.883594],[92.194629,20.984277],[92.056055,21.174805],[92.010938,21.51626],[92.008008,21.684766],[91.913184,21.883057],[91.85,22.157373],[91.824805,22.228662],[91.857813,22.317334],[91.863379,22.350488],[91.84541,22.343115],[91.79707,22.297461],[91.734082,22.406689],[91.692969,22.504785],[91.529688,22.707666],[91.482129,22.797412],[91.480078,22.884814],[91.40957,22.797021],[91.31377,22.735156],[91.216211,22.642236],[91.151367,22.614063],[90.945605,22.597021],[90.826758,22.721387],[90.65625,23.025488],[90.633594,23.094238],[90.656055,23.273047],[90.615625,23.442334],[90.616113,23.531641],[90.604004,23.591357],[90.573438,23.578125],[90.561621,23.537109],[90.568066,23.474268],[90.555664,23.421533],[90.408008,23.431885],[90.269141,23.455859],[90.391504,23.366943],[90.522754,23.346143],[90.590918,23.266406],[90.599219,23.20415],[90.595117,23.133936],[90.527734,23.084961],[90.466016,23.053906],[90.477539,22.986768],[90.552246,22.904883],[90.461621,22.881787],[90.436914,22.828174],[90.435059,22.751904],[90.480664,22.684668],[90.498438,22.634814],[90.487402,22.588721],[90.531738,22.539307],[90.595508,22.43584],[90.616113,22.362158],[90.589453,22.258447],[90.552832,22.218164],[90.494141,22.178906],[90.355762,22.048242],[90.288184,21.899414],[90.230566,21.829785],[90.158789,21.816846],[90.130762,21.847412],[90.071191,21.887256],[90.07002,21.959912],[90.087891,22.01748],[90.20957,22.156592],[90.143457,22.137891],[90.068555,22.098193],[89.954199,22.022852],[89.918066,22.116162],[89.894043,22.202588],[89.893848,22.308398],[89.985156,22.466406],[89.881836,22.387598],[89.853223,22.288965],[89.86582,22.173047],[89.852539,22.090918],[89.811914,21.983496],[89.756836,21.919043],[89.667773,21.877686],[89.628125,21.81416],[89.568555,21.767432],[89.566602,21.860596],[89.547461,21.983691],[89.483203,22.275537],[89.469336,22.212939],[89.502539,22.031885],[89.500586,21.914355],[89.451953,21.821094],[89.353711,21.721094],[89.278613,21.706982],[89.234277,21.722363],[89.16709,21.784277],[89.093945,21.872754],[89.081641,22.014941],[89.051465,22.093164]]],[[[91.150781,22.175195],[91.044727,22.105176],[91.079492,22.519727],[91.158301,22.36543],[91.178223,22.283008],[91.150781,22.175195]]],[[[91.556738,22.382227],[91.510449,22.352783],[91.466895,22.378418],[91.411328,22.475684],[91.438867,22.598828],[91.456055,22.616504],[91.483984,22.576562],[91.523047,22.490723],[91.54834,22.425391],[91.556738,22.382227]]],[[[90.777637,22.089307],[90.603613,22.054199],[90.515039,22.065137],[90.680469,22.32749],[90.674902,22.444971],[90.649219,22.540674],[90.564941,22.617627],[90.560352,22.672559],[90.522559,22.74751],[90.50293,22.835352],[90.596484,22.863525],[90.672266,22.813184],[90.683008,22.785303],[90.699219,22.713525],[90.736914,22.638721],[90.868164,22.484863],[90.86582,22.390576],[90.829883,22.159961],[90.777637,22.089307]]],[[[91.873828,21.832129],[91.837598,21.750244],[91.819727,21.809814],[91.835156,21.885352],[91.850684,21.927051],[91.861328,21.92666],[91.88252,21.883643],[91.873828,21.832129]]],[[[91.949219,21.508057],[91.888867,21.50332],[91.859473,21.532959],[91.873242,21.574414],[91.857031,21.708789],[91.907715,21.722949],[91.933984,21.722168],[91.948633,21.682568],[91.961914,21.609766],[91.949219,21.508057]]],[[[90.641797,22.962988],[90.65957,22.92002],[90.603906,22.945557],[90.562305,22.975439],[90.536328,23.014893],[90.579883,23.035449],[90.641797,22.962988]]]]}}]}